Branch,Item,Item Share Deviation Ratio,Item Margin Deviation Ratio,Cluster,Category
Stories - Bir Hasan,ESPRESSO,1.831158239379876,0.99619460115237,1,Popular but Low Margin/Profit
Stories - Bir Hasan,DOUBLE ESPRESSO,1.1309541773880334,0.974632991381169,2,Popular but Low Margin/Profit
Stories - Bir Hasan,WHITE MOCHA MEDIUM,1.5836738744226335,0.9985422759985435,2,Popular but Low Margin/Profit
Stories - Bir Hasan,FLAT WHITE,1.9735479527516975,0.9116199143456768,1,Popular but Low Margin/Profit
Stories - Bir Hasan,ADD SHOT,1.6526781560998023,0.9549444340537201,1,Popular but Low Margin/Profit
Stories - Bir Hasan,SAN BENEDETTO GLASS 250ML/24,2.314149051394488,0.9941366226169621,1,Popular but Low Margin/Profit
Stories - Bir Hasan,REPLACE 1 SHOT YIRGACHEFFE,1.3539275457552291,0.999901627569124,2,Popular but Low Margin/Profit
Stories Ain El Mreisseh,CARAMEL FRAPP MEDIUM,1.7802482480981527,0.9989295333825164,1,Popular but Low Margin/Profit
Stories Ain El Mreisseh,LATTE MEDIUM,1.173537677468632,0.9968906550633173,2,Popular but Low Margin/Profit
Stories Ain El Mreisseh,WHITE MOCHA MEDIUM,1.7785699813849094,0.9910814712606761,1,Popular but Low Margin/Profit
Stories Ain El Mreisseh,DOUBLE ESPRESSO,1.1714547917817384,0.9990232751369194,2,Popular but Low Margin/Profit
Stories Ain El Mreisseh,ICED WHITE MOCHA MEDIUM,1.330288582062685,0.9994493814957929,2,Popular but Low Margin/Profit
Stories Ain El Mreisseh,ESPRESSO,1.538349723746312,0.9988210379553748,2,Popular but Low Margin/Profit
Stories Ain El Mreisseh,SPANISH LATTE MEDIUM,1.4174478185182273,0.9991605746976757,2,Popular but Low Margin/Profit
Stories Ain El Mreisseh,SIGNATURE HOT CHOCOLATE MEDIUM,2.0843879080096657,0.9992403356115547,1,Popular but Low Margin/Profit
Stories Ain El Mreisseh,CAPPUCCINO MEDIUM,1.1084368756546046,0.997591696588044,2,Popular but Low Margin/Profit
Stories Ain El Mreisseh,CAPPUCCINO SMALL,1.050280380212425,0.9988086148281846,2,Popular but Low Margin/Profit
Stories Ain El Mreisseh,STRAWBERRY CREAM FRAPP MEDIUM,1.4661225984826065,0.9987865557765233,2,Popular but Low Margin/Profit
Stories Ain El Mreisseh,MOCHA FRAPP MEDIUM,1.4899400452902547,0.9984990517143647,2,Popular but Low Margin/Profit
Stories Ain El Mreisseh,CARAMEL MACHIATO MEDIUM,1.3976668636596354,0.9912625265763417,2,Popular but Low Margin/Profit
Stories Ain El Mreisseh,CHOCOLATE CREAM FRAPP MEDIUM,1.3315417798738667,0.9989720616650238,2,Popular but Low Margin/Profit
Stories Ain El Mreisseh,NY STYLE COOKIE - CHOCOLATE CHIP WALNUT,1.1640449438880203,0.9994305000007099,2,Popular but Low Margin/Profit
Stories Ain El Mreisseh,MOCHA MEDIUM,1.0792042625587162,0.9903650455753181,2,Popular but Low Margin/Profit
Stories Ain El Mreisseh,CARAMEL CREAM  FRAPP MEDIUM,1.0337544767228213,0.9995782472223761,2,Popular but Low Margin/Profit
Stories Ain El Mreisseh,BLUE NADE,1.2453281291075577,0.998683542390733,2,Popular but Low Margin/Profit
Stories Ain El Mreisseh,ICED WHITE MOCHA LARGE,1.0964996071227364,0.9993850438462547,2,Popular but Low Margin/Profit
Stories Ain El Mreisseh,BLUEBERRY CHEESE CAKE,1.1447301318429888,0.9565605631719089,2,Popular but Low Margin/Profit
Stories Ain El Mreisseh,MATCHA CREAM FRAPP MEDIUM,1.2120166791641531,0.9967435955996223,2,Popular but Low Margin/Profit
Stories Ain El Mreisseh,WHITE MOCHA LARGE,1.0479410819215635,0.9971480398537491,2,Popular but Low Margin/Profit
Stories Airport,CARAMEL FRAPP MEDIUM,3.3204156643973786,0.9980593520720566,1,Popular but Low Margin/Profit
Stories Airport,ICED LATTE MEDIUM,1.1224123732591156,0.9977774051650413,2,Popular but Low Margin/Profit
Stories Airport,ICED WHITE MOCHA MEDIUM,2.1401159425788134,0.9985152121632465,1,Popular but Low Margin/Profit
Stories Airport,MANGO YOGHURT COMBO MEDIUM,1.3634260971109562,0.9967633857013122,2,Popular but Low Margin/Profit
Stories Airport,STRAWBERRY CREAM FRAPP MEDIUM,2.7767152486172177,0.9982525296234432,1,Popular but Low Margin/Profit
Stories Airport,BLUEBERRY YOGHURT COMBO MEDIUM,1.3068343453060038,0.9964251529689868,2,Popular but Low Margin/Profit
Stories Airport,CARAMEL FRAPP LARGE,3.1159053793313376,0.9888292791391886,1,Popular but Low Margin/Profit
Stories Airport,CARAMEL FRAPP SMALL,1.6860786839555926,0.9999598260280208,1,Popular but Low Margin/Profit
Stories Airport,CHOCOLATE CREAM FRAPP MEDIUM,2.6113105606659457,0.9987007867330596,1,Popular but Low Margin/Profit
Stories Airport,ICED CARAMEL MACCHIATO MEDIUM,1.4015727427670908,0.9978631664291036,2,Popular but Low Margin/Profit
Stories Airport,MOCHA FRAPP MEDIUM,1.7907797029441974,0.9890824321939808,1,Popular but Low Margin/Profit
Stories Airport,ICED PEACH TEA  MEDIUM,2.747542317954878,0.9968886256024356,1,Popular but Low Margin/Profit
Stories Airport,SIGNATURE HOT CHOCOLATE MEDIUM,1.8298967149372425,0.9963887772537755,1,Popular but Low Margin/Profit
Stories Airport,STRAWBERRY CREAM FRAPP LARGE,1.5060241148280065,0.9789877425638599,2,Popular but Low Margin/Profit
Stories Airport,NY STYLE COOKIE - CHOCOLATE CHIP WALNUT,1.4341995748337721,0.9775170895035712,2,Popular but Low Margin/Profit
Stories Airport,CARAMEL CREAM  FRAPP MEDIUM,1.5148037856636432,0.9994140392096031,2,Popular but Low Margin/Profit
Stories Airport,ICED MOCHA MEDIUM,1.719405657607344,0.9985370583320371,1,Popular but Low Margin/Profit
Stories Airport,ICED WHITE MOCHA SMALL,1.557937427403154,0.9997394393549852,2,Popular but Low Margin/Profit
Stories Airport,STRAWBERRY CREAM FRAPP SMALL,1.7333552839888757,0.9145573188621988,1,Popular but Low Margin/Profit
Stories Airport,RED VELVET CAKE,1.751896837169536,0.9996470185441976,1,Popular but Low Margin/Profit
Stories Airport,DOUBLE CHOCOLATE MUFFIN,1.7171734342463272,0.9974053301507596,1,Popular but Low Margin/Profit
Stories Airport,SIGNATURE HOT CHOCOLATE SMALL,1.100134149162871,0.9936451688233181,2,Popular but Low Margin/Profit
Stories Airport,ICED WHITE MOCHA LARGE,1.3789661846018328,0.9976977453847803,2,Popular but Low Margin/Profit
Stories Airport,CHOCOLATE CREAM FRAP SMALL,1.2936916048225735,0.9990173099198195,2,Popular but Low Margin/Profit
Stories Airport,ICED LATTE LARGE,1.0426169330142652,0.9980422639808587,2,Popular but Low Margin/Profit
Stories Airport,ICED CLASSIC CHOC MEDIUM,1.846971360212083,0.9989537330966335,1,Popular but Low Margin/Profit
Stories Airport,MOCHA FRAPP LARGE,1.177065412754848,0.9785643265924975,2,Popular but Low Margin/Profit
Stories Airport,VANILLA CREAM FRAPP MEDIUM,1.0760784939244785,0.9887604967498015,2,Popular but Low Margin/Profit
Stories Airport,WHITE MOCHA FRAPP MEDIUM,1.4089588906486619,0.9845244999163947,2,Popular but Low Margin/Profit
Stories Airport,ICED SALTED CARAMEL LATTE MEDIUM,1.2552792484231354,0.9967168966651446,2,Popular but Low Margin/Profit
Stories Airport,SALTED CARAMEL FRAPPE MEDIUM,1.0003498490868517,0.98618994156577,2,Popular but Low Margin/Profit
Stories Airport,VANILLA FRAPP MEDIUM,1.1009528385702507,0.9847742430875983,2,Popular but Low Margin/Profit
Stories Airport,MOCHA FRAPP SMALL,1.1498275290940572,0.9877588240267676,2,Popular but Low Margin/Profit
Stories Airport,COFFEE FRAPPE MEDIUM,1.0382961194035156,0.9816295935510635,2,Popular but Low Margin/Profit
Stories Antelias,DOUBLE ESPRESSO,1.0969072581430532,0.9999748520637519,2,Popular but Low Margin/Profit
Stories Antelias,BLACK COFFEE SMALL,1.1249368651457634,0.9996552972154079,2,Popular but Low Margin/Profit
Stories Antelias,MOCHA SMALL,1.0498574643927538,0.9755992989128496,2,Popular but Low Margin/Profit
Stories Batroun,WATER,1.2469972773529878,0.9996193205651289,2,Popular but Low Margin/Profit
Stories Batroun,LATTE SMALL,1.4817516655245935,0.9937224484882498,2,Popular but Low Margin/Profit
Stories Batroun,LATTE MEDIUM,1.1550454504085717,0.9977737767711744,2,Popular but Low Margin/Profit
Stories Batroun,BLACK COFFEE MEDIUM,1.986295384714542,0.99566823896581,1,Popular but Low Margin/Profit
Stories Batroun,ICED LATTE SMALL,1.6071010482853965,0.9987000126103596,2,Popular but Low Margin/Profit
Stories Batroun,CAPPUCCINO SMALL,1.5655288549792221,0.9983938006699351,2,Popular but Low Margin/Profit
Stories Batroun,POMEGRANATE YOGHURT COMBO SMALL,1.170597206891939,0.9992608968519662,2,Popular but Low Margin/Profit
Stories Batroun,CAPPUCCINO MEDIUM,1.2791388218893085,0.9980314847485451,2,Popular but Low Margin/Profit
Stories Batroun,LOTUS YOGHURT COMBO SMALL,1.1429378641305923,0.9799666315474241,2,Popular but Low Margin/Profit
Stories Batroun,WHITE MOCHA SMALL,1.0223414440449456,0.9009630971110031,2,Popular but Low Margin/Profit
Stories Batroun,AMERICANO SMALL,1.1640258910217867,0.9995976888779887,2,Popular but Low Margin/Profit
Stories Batroun,SPANISH LATTE MEDIUM,1.0747392738834882,0.9998155119683884,2,Popular but Low Margin/Profit
Stories Batroun,CHEESE CROISSANT,1.0770495118685908,0.9918955012481724,2,Popular but Low Margin/Profit
Stories Batroun,ICED AMERICANO MEDIUM,1.8638090036967254,0.9999940065582883,1,Popular but Low Margin/Profit
Stories Batroun,AMERICANO MEDIUM,1.167429197712844,0.9996747397015306,2,Popular but Low Margin/Profit
Stories Batroun,STRAWBERRY CREAM FRAPP MEDIUM,1.0270336489456304,0.9992581202714236,2,Popular but Low Margin/Profit
Stories Batroun,SIGNATURE HOT CHOCOLATE SMALL,1.1321613717448724,0.990521090908294,2,Popular but Low Margin/Profit
Stories Batroun,ORANGE JUICE,1.4583001220383949,0.9978204900478842,2,Popular but Low Margin/Profit
Stories Batroun,FONDANT AU CHOCOLAT,1.1571106843446406,0.9748610303209467,2,Popular but Low Margin/Profit
Stories Batroun,ICED MATCHA LATTE SMALL,1.2334157227665457,0.9850838118012141,2,Popular but Low Margin/Profit
Stories Batroun,ICED AMERICANO SMALL,1.8027477049184029,0.9996557717327402,1,Popular but Low Margin/Profit
Stories Batroun,SPANISH LATTE SMALL,1.0241476091766286,0.9904340313794489,2,Popular but Low Margin/Profit
Stories Batroun,CARAMEL CREAM  FRAPP MEDIUM,1.0497552081940171,0.9996379749067285,2,Popular but Low Margin/Profit
Stories Batroun,CHOCOLATE CREAM FRAPP MEDIUM,1.0358849601654998,0.9993088392477277,2,Popular but Low Margin/Profit
Stories Batroun,ICED LATTE LARGE,1.0421981949807366,0.9997523087408556,2,Popular but Low Margin/Profit
Stories Batroun,SIGNATURE HOT CHOCOLATE MEDIUM,1.018406668391254,0.999782417223652,2,Popular but Low Margin/Profit
Stories Batroun,ICED MOCHA MEDIUM,1.115373968052508,0.999640833191638,2,Popular but Low Margin/Profit
Stories Batroun,MOCHA SMALL,1.3437822567095068,0.9412770783367195,2,Popular but Low Margin/Profit
Stories Batroun,STRAWBERRY CREAM FRAPP SMALL,1.058836331998651,0.9962252662230384,2,Popular but Low Margin/Profit
Stories Batroun,LOTUS YOGHURT COMBO MEDIUM,1.093160974940568,0.9968885245225633,2,Popular but Low Margin/Profit
Stories Batroun,ECLAIR CHOCOLAT,1.147463132953409,0.9769665907751426,2,Popular but Low Margin/Profit
Stories Batroun,BLACK COFFEE LARGE,1.02758477460744,0.9997226204665483,2,Popular but Low Margin/Profit
Stories Batroun,HOT DOUBLE SHOT MEDIUM,1.047893638197912,0.998736767760435,2,Popular but Low Margin/Profit
Stories Batroun,CHRISTMAS ORIGINAL ECLAIR,1.0107622728272352,0.8113486636049362,2,Popular but Low Margin/Profit
Stories Batroun,ICED MOCHA SMALL,1.1157455556464955,0.9983980481643859,2,Popular but Low Margin/Profit
Stories Bayada,ORIGINAL YOGHURT COMBO SMALL,1.2876611759054601,0.9961179521529077,2,Popular but Low Margin/Profit
Stories Bayada,WATER,1.3748245842989035,0.9985081853284018,2,Popular but Low Margin/Profit
Stories Bayada,BLUEBERRY YOGHURT COMBO SMALL,1.104640944779709,0.9964496675243085,2,Popular but Low Margin/Profit
Stories Bayada,CHOCOLATE YOGHURT COMBO SMALL,1.1354352306970954,0.9980121094929585,2,Popular but Low Margin/Profit
Stories Bayada,BLACK COFFEE SMALL,2.1411072126444237,0.9990412632947896,1,Popular but Low Margin/Profit
Stories Bayada,LATTE SMALL,1.0857222948601732,0.9908205878201113,2,Popular but Low Margin/Profit
Stories Bayada,ICED SPANISH LATTE MEDIUM,1.110925051187053,0.9999421916198626,2,Popular but Low Margin/Profit
Stories Bayada,BLACK COFFEE MEDIUM,1.643907907747934,0.9959865736072634,1,Popular but Low Margin/Profit
Stories Bayada,CAPPUCCINO SMALL,1.4247174451498867,0.9986902709308401,2,Popular but Low Margin/Profit
Stories Bayada,AMERICANO SMALL,1.4025352143598238,0.9854195828652706,2,Popular but Low Margin/Profit
Stories Bayada,LOTUS YOGHURT COMBO SMALL,1.2184145889197755,0.9879622198547428,2,Popular but Low Margin/Profit
Stories Bayada,CAPPUCCINO MEDIUM,1.1873817322103342,0.9981822331316808,2,Popular but Low Margin/Profit
Stories Bayada,CHEESE CROISSANT,1.2704802033074214,0.9863714348190628,2,Popular but Low Margin/Profit
Stories Bayada,ICED SPANISH LATTE SMALL,1.5235327607862117,0.9978540153945074,2,Popular but Low Margin/Profit
Stories Bayada,CHICKEN CAESAR SANDWICH,1.3488993029570588,0.9980649230933896,2,Popular but Low Margin/Profit
Stories Bayada,CHOCOLATE CROISSANT,1.1968970821549305,0.9862669190155728,2,Popular but Low Margin/Profit
Stories Bayada,NY STYLE COOKIE - CHOCOLATE CHIP WALNUT,1.0401366227876703,0.9999570464656226,2,Popular but Low Margin/Profit
Stories Bayada,PINEAPPLE CUP,1.1713961402036235,0.9914335492088794,2,Popular but Low Margin/Profit
Stories Bayada,SIGNATURE HOT CHOCOLATE SMALL,1.012592841350455,0.9946333539329867,2,Popular but Low Margin/Profit
Stories Bayada,FONDANT AU CHOCOLAT,1.0103765873588089,0.9717363055314289,2,Popular but Low Margin/Profit
Stories Bayada,ORANGE JUICE,1.2544802636308863,0.9974848191091704,2,Popular but Low Margin/Profit
Stories Bayada,MACARONS,1.4798701809820851,0.9974310553037491,2,Popular but Low Margin/Profit
Stories Bayada,SAN BENEDETTO CLEMENTINE 330ML/24,1.4763595534280711,0.9985918776485355,2,Popular but Low Margin/Profit
Stories Bayada,CHOCOLATE QUELLA,1.5997816170068209,0.9948089680023898,2,Popular but Low Margin/Profit
Stories Bayada,ORGANIC GREEN TEA MEDIUM,1.383556098021688,0.9813304140954692,2,Popular but Low Margin/Profit
Stories Bayada,GOLDEN CHAMOMILE HERBAL TEA MEDIUM,1.1506779327552457,0.9908442338960033,2,Popular but Low Margin/Profit
Stories Bayada,CHOCOLATE SABLE,1.1889548855619778,0.9882857866309227,2,Popular but Low Margin/Profit
Stories Bayada,MOCHA SMALL,1.1066285236101265,0.9430987473902623,2,Popular but Low Margin/Profit
Stories Bayada,BLACK COFFEE LARGE,1.076572240132881,0.9990456876198636,2,Popular but Low Margin/Profit
Stories Bayada,SOUTHERN MINT HERBAL TEA MEDIUM,1.1266698497045895,0.9860220286470629,2,Popular but Low Margin/Profit
Stories Bayada,RIM SPARKLING WATER-250 ML,1.0822140108498712,0.9843104777644409,2,Popular but Low Margin/Profit
Stories Centro Mall,MANGO YOGHURT COMBO SMALL,1.966247346139043,0.9944196361318102,1,Popular but Low Margin/Profit
Stories Centro Mall,CARAMEL FRAPP MEDIUM,2.1176170719582275,0.9989052058862424,1,Popular but Low Margin/Profit
Stories Centro Mall,BLUEBERRY YOGHURT COMBO SMALL,1.3256870285728377,0.9956129888532708,2,Popular but Low Margin/Profit
Stories Centro Mall,CLASSIC CINNAMON ROLL LARGE,1.2943342435182816,0.9994885530237673,2,Popular but Low Margin/Profit
Stories Centro Mall,MANGO YOGHURT COMBO MEDIUM,1.3435392370007158,0.9981742498734852,2,Popular but Low Margin/Profit
Stories Centro Mall,LATTE SMALL,1.2743279338632834,0.9998009192187067,2,Popular but Low Margin/Profit
Stories Centro Mall,ICED SPANISH LATTE MEDIUM,1.0808657974986848,0.9992059391584779,2,Popular but Low Margin/Profit
Stories Centro Mall,DOUBLE ESPRESSO,1.070531469251331,0.9917861862930367,2,Popular but Low Margin/Profit
Stories Centro Mall,LAZY CAKE,1.4889527914939842,0.979409973649396,2,Popular but Low Margin/Profit
Stories Centro Mall,STRAWBERRY CREAM FRAPP MEDIUM,2.090928265969165,0.9989506527424433,1,Popular but Low Margin/Profit
Stories Centro Mall,ICED CARAMEL MACCHIATO MEDIUM,1.477533630007441,0.9991499152969341,2,Popular but Low Margin/Profit
Stories Centro Mall,ICED WHITE MOCHA MEDIUM,1.0662317095364446,0.9992982542663637,2,Popular but Low Margin/Profit
Stories Centro Mall,ICED LATTE SMALL,1.1331565951716256,0.9996720717964804,2,Popular but Low Margin/Profit
Stories Centro Mall,ESPRESSO,1.264426069043145,0.9994297622349666,2,Popular but Low Margin/Profit
Stories Centro Mall,CAPPUCCINO SMALL,1.2649962293232433,0.9988592861228128,2,Popular but Low Margin/Profit
Stories Centro Mall,MOCHA FRAPP MEDIUM,1.6359182368686442,0.9988116837767428,1,Popular but Low Margin/Profit
Stories Centro Mall,CARAMEL CREAM  FRAPP MEDIUM,1.9084125832910181,0.999755509485006,1,Popular but Low Margin/Profit
Stories Centro Mall,CHOCOLATE CREAM FRAPP MEDIUM,1.9295409753418233,0.9990797625642003,1,Popular but Low Margin/Profit
Stories Centro Mall,ICED SPANISH LATTE SMALL,1.7250055514285774,0.9618237805380728,1,Popular but Low Margin/Profit
Stories Centro Mall,CHEESE CROISSANT,1.0664131590689756,0.9897171834986045,2,Popular but Low Margin/Profit
Stories Centro Mall,ICED CARAMEL MACCHIATO SMALL,1.512532553339906,0.997865935270565,2,Popular but Low Margin/Profit
Stories Centro Mall,CARAMEL MACHIATO SMALL,1.6423396394158425,0.986735062488148,1,Popular but Low Margin/Profit
Stories Centro Mall,DOUBLE CHOCOLATE MUFFIN,2.072337248138011,0.9987897639316106,1,Popular but Low Margin/Profit
Stories Centro Mall,CARAMEL FRAPP LARGE,1.541051511758373,0.9968917420624487,2,Popular but Low Margin/Profit
Stories Centro Mall,CHOCOLATE ROLL LARGE,1.1540669385458782,0.971119363350802,2,Popular but Low Margin/Profit
Stories Centro Mall,ORANGE JUICE,1.4991976049968379,0.9974661722390632,2,Popular but Low Margin/Profit
Stories Centro Mall,FONDANT AU CHOCOLAT,1.13706035099488,0.9702245951754656,2,Popular but Low Margin/Profit
Stories Centro Mall,CHOCOLATE CROISSANT,1.0350808597351127,0.9861008068670499,2,Popular but Low Margin/Profit
Stories Centro Mall,BLUEBERRY MUFFIN,1.706040102459662,0.9986695304595898,1,Popular but Low Margin/Profit
Stories Centro Mall,FLAT WHITE,1.1439615134985353,0.9891608440441226,2,Popular but Low Margin/Profit
Stories Centro Mall,BLUEBERRY CHEESE CAKE,1.3516185283836872,0.9884992291476721,2,Popular but Low Margin/Profit
Stories Centro Mall,CHOCOLATE SALTED CAKE,1.2349178084912564,0.9747930594513295,2,Popular but Low Margin/Profit
Stories Centro Mall,MOCHA SMALL,1.4020317760562553,0.989183048949968,2,Popular but Low Margin/Profit
Stories Centro Mall,ICED MOCHA MEDIUM,1.0033762882051822,0.9995005268326942,2,Popular but Low Margin/Profit
Stories Centro Mall,RED VELVET CAKE,1.0495550021801316,0.9993949650819,2,Popular but Low Margin/Profit
Stories Centro Mall,LOTUS CHEESE CAKE,1.0811353857023347,0.9172240488608662,2,Popular but Low Margin/Profit
Stories Centro Mall,THYME CROISSANT,1.1189462794392546,0.9999102925443977,2,Popular but Low Margin/Profit
Stories Centro Mall,WHITE MOCHA FRAPP MEDIUM,1.1876689429425762,0.9982213142835455,2,Popular but Low Margin/Profit
Stories Centro Mall,ICED CLASSIC CHOC SMALL,1.1183939734564308,0.9980984578151979,2,Popular but Low Margin/Profit
Stories Centro Mall,TOFFEE NUT LATTE SMALL,1.1767354907460919,0.9968623107324104,2,Popular but Low Margin/Profit
Stories Centro Mall,ICED CLASSIC CHOC MEDIUM,1.0514847723977234,0.9999111297209232,2,Popular but Low Margin/Profit
Stories Event Starco,ESPRESSO,5.28241285826711,0.9964917164048429,1,Popular but Low Margin/Profit
Stories Event Starco,DOUBLE ESPRESSO,3.2519602810724315,0.9946171349036996,1,Popular but Low Margin/Profit
Stories Event Starco,LATTE MEDIUM,1.1715091912565267,0.9999996966008581,2,Popular but Low Margin/Profit
Stories Event Starco,ICED LATTE MEDIUM,1.0132565982244557,0.9977776688828311,2,Popular but Low Margin/Profit
Stories Event Starco,MANGO YOGHURT COMBO MEDIUM,1.306812044473052,0.9967634840638798,2,Popular but Low Margin/Profit
Stories Event Starco,AMERICANO SMALL,2.521882731152315,0.9946344591219708,1,Popular but Low Margin/Profit
Stories Event Starco,CARAMEL FRAPP SMALL,1.9936144396663849,0.9806642297053251,1,Popular but Low Margin/Profit
Stories Event Starco,COLD BREW BOTTLE,3.9922471103948256,0.5769477145630285,1,Popular but Low Margin/Profit
Stories Event Starco,ICED WHITE MOCHA MEDIUM,1.011967603084943,0.9985142921594099,2,Popular but Low Margin/Profit
Stories Event Starco,SPANISH LATTE MEDIUM,1.4731233774560815,0.9995321141413429,2,Popular but Low Margin/Profit
Stories Event Starco,CARAMEL MACHIATO MEDIUM,1.3740921810706308,0.9999994037133909,2,Popular but Low Margin/Profit
Stories Event Starco,ICED WHITE MOCHA SMALL,1.4395192705035784,0.973430752939792,2,Popular but Low Margin/Profit
Stories Event Starco,ADD CARAMEL MEDIUM,1.7987958036546596,0.9807693995765053,1,Popular but Low Margin/Profit
Stories Event Starco,RED VELVET CAKE,1.0240791677660335,0.9996487656356978,2,Popular but Low Margin/Profit
Stories Event Starco,BLUEBERRY MUFFIN,1.0804188335287033,0.9974250918704551,2,Popular but Low Margin/Profit
Stories Event Starco,VANILLA CREAM FRAPP SMALL,1.0437654007823505,0.9890226599673254,2,Popular but Low Margin/Profit
Stories Faqra,MANGO YOGHURT COMBO SMALL,1.9577661968416669,0.9910115112630409,1,Popular but Low Margin/Profit
Stories Faqra,WATER,1.3014760592663628,0.995979521474039,2,Popular but Low Margin/Profit
Stories Faqra,CLASSIC CINNAMON ROLL LARGE,1.0177390999210016,0.9667337238155203,2,Popular but Low Margin/Profit
Stories Faqra,LATTE SMALL,1.1380779572124242,0.9989884077788426,2,Popular but Low Margin/Profit
Stories Faqra,OREO CREAM YOGHURT COMBO SMALL,3.913701016165969,0.999136881709414,1,Popular but Low Margin/Profit
Stories Faqra,ICED LATTE SMALL,1.2864930960618661,0.9967268955450583,2,Popular but Low Margin/Profit
Stories Faqra,WHITE MOCHA MEDIUM,1.2088002505753528,0.9874126891204625,2,Popular but Low Margin/Profit
Stories Faqra,POMEGRANATE YOGHURT COMBO SMALL,1.0451810423247998,0.9463542462282152,2,Popular but Low Margin/Profit
Stories Faqra,LOTUS YOGHURT COMBO SMALL,1.17178131534641,0.9504407841569211,2,Popular but Low Margin/Profit
Stories Faqra,WHITE MOCHA SMALL,1.1017128400876088,0.9025525903438142,2,Popular but Low Margin/Profit
Stories Faqra,CARAMEL MACHIATO SMALL,1.1948613650267355,0.9974839447128108,2,Popular but Low Margin/Profit
Stories Faqra,FLAT WHITE,1.1515081317841858,0.852355675565205,2,Popular but Low Margin/Profit
Stories Faqra,ADD SHOT,1.1353411369555846,0.9353250490285634,2,Popular but Low Margin/Profit
Stories Faqra,DOUBLE SHOT SHAKEN SMALL,1.2276674571309445,0.9213707814929583,2,Popular but Low Margin/Profit
Stories Faqra,REPLACE ALMOND MEDIUM,1.122223862928317,0.994658297300031,2,Popular but Low Margin/Profit
Stories Faqra,MATCHA LATTE MEDIUM,1.2169870010239747,0.9991381981744318,2,Popular but Low Margin/Profit
Stories Khaldeh,MANGO YOGHURT COMBO SMALL,1.014000376753112,0.9985383691643049,2,Popular but Low Margin/Profit
Stories Khaldeh,BLUEBERRY YOGHURT COMBO SMALL,1.0833794796995802,0.9964677357890003,2,Popular but Low Margin/Profit
Stories Khaldeh,LATTE MEDIUM,1.179542891489501,0.9988915666431042,2,Popular but Low Margin/Profit
Stories Khaldeh,WHITE MOCHA MEDIUM,1.930108198879436,0.9942087601615885,1,Popular but Low Margin/Profit
Stories Khaldeh,LAZY CAKE,1.4836108790717404,0.9829119447338437,2,Popular but Low Margin/Profit
Stories Khaldeh,CAPPUCCINO MEDIUM,1.097450233738015,0.9992204145503577,2,Popular but Low Margin/Profit
Stories Khaldeh,CARAMEL FRAPP SMALL,1.1736729290678272,0.9984810341845601,2,Popular but Low Margin/Profit
Stories Khaldeh,CARAMEL MACHIATO MEDIUM,1.4714492913566766,0.9944586671021373,2,Popular but Low Margin/Profit
Stories Khaldeh,NY STYLE COOKIE - CHOCOLATE CHIP WALNUT,1.4383500993456793,0.990637841210526,2,Popular but Low Margin/Profit
Stories Khaldeh,MOCHA MEDIUM,1.2067748322963339,0.9937358672002345,2,Popular but Low Margin/Profit
Stories Khaldeh,BROWNIES CAKE,1.4413168258192122,0.9940356276878389,2,Popular but Low Margin/Profit
Stories Khaldeh,PISTACHIO YOGHURT COMBO SMALL,1.3308667506319685,0.8092908416635808,2,Popular but Low Margin/Profit
Stories Khaldeh,CARAMEL MACHIATO SMALL,1.0397947798988043,0.9999520171994327,2,Popular but Low Margin/Profit
Stories Khaldeh,CHOCOLATE CREAM FRAP SMALL,1.000460085347363,0.9815036538293725,2,Popular but Low Margin/Profit
Stories Khaldeh,MOCHA SMALL,1.1121961959368964,0.9766575869262646,2,Popular but Low Margin/Profit
Stories Khaldeh,ECLAIR ORIGINAL,1.008824903968517,0.9841725741966134,2,Popular but Low Margin/Profit
Stories Khaldeh,ECLAIR CARAMEL,1.2223309837473122,0.9994449017552604,2,Popular but Low Margin/Profit
Stories LAU,ORIGINAL YOGHURT COMBO SMALL,2.2614208807062863,0.9990609920208333,1,Popular but Low Margin/Profit
Stories LAU,MANGO YOGHURT COMBO SMALL,1.671469677899129,0.9919056452557191,1,Popular but Low Margin/Profit
Stories LAU,CHOCOLATE YOGHURT COMBO SMALL,1.2037653903279708,0.9892392720707843,2,Popular but Low Margin/Profit
Stories LAU,ICED SPANISH LATTE SMALL,2.131731963208965,0.9261884599788078,1,Popular but Low Margin/Profit
Stories LAU,CHICKEN CAESAR SANDWICH,1.73352109379817,0.9998793556088584,1,Popular but Low Margin/Profit
Stories LAU,ICED CARAMEL MACCHIATO SMALL,1.3888348346794288,0.9971534451105444,2,Popular but Low Margin/Profit
Stories LAU,CARAMEL MACHIATO SMALL,1.4837030663032735,0.9846969791352739,2,Popular but Low Margin/Profit
Stories LAU,ADD SHOT,1.0594579727672704,0.960915486092445,2,Popular but Low Margin/Profit
Stories LAU,ORANGE JUICE,1.0582019331025412,0.9986358912109196,2,Popular but Low Margin/Profit
Stories Le Mall,WATER,1.21221296991402,0.9997884549271377,2,Popular but Low Margin/Profit
Stories Le Mall,ICED LATTE MEDIUM,1.245689061765655,0.9997333664112763,2,Popular but Low Margin/Profit
Stories Le Mall,ORIGINAL YOGHURT COMBO MEDIUM,1.2599618701387898,0.9984140011260405,2,Popular but Low Margin/Profit
Stories Le Mall,MANGO YOGHURT COMBO MEDIUM,1.0068633305645567,0.9978624799287298,2,Popular but Low Margin/Profit
Stories Le Mall,BLACK COFFEE SMALL,1.4717277256339525,0.9962030750272338,2,Popular but Low Margin/Profit
Stories Le Mall,POMEGRANATE YOGHURT COMBO SMALL,1.5393365515976782,0.9998976624782062,2,Popular but Low Margin/Profit
Stories Le Mall,ICED MATCHA LATTE MEDIUM,1.2182802846842975,0.9977828580403658,2,Popular but Low Margin/Profit
Stories Le Mall,CHOCOLATE YOGHURT COMBO MEDIUM,1.3192740413233601,0.9977032946821136,2,Popular but Low Margin/Profit
Stories Le Mall,BLUEBERRY YOGHURT COMBO MEDIUM,1.0083882659124797,0.9992444849203295,2,Popular but Low Margin/Profit
Stories Le Mall,CAPPUCCINO SMALL,1.2867035181177802,0.9992959744604275,2,Popular but Low Margin/Profit
Stories Le Mall,CAPPUCCINO MEDIUM,1.0509025259610059,0.9978877411071515,2,Popular but Low Margin/Profit
Stories Le Mall,ICED CARAMEL MACCHIATO MEDIUM,1.1118887246119797,0.9989704433057625,2,Popular but Low Margin/Profit
Stories Le Mall,LAZY CAKE,1.085655487229884,0.9888019300212135,2,Popular but Low Margin/Profit
Stories Le Mall,CHEESE CROISSANT,1.013183475989513,0.9886403222083443,2,Popular but Low Margin/Profit
Stories Le Mall,CHOCOLATE CREAM FRAPP MEDIUM,1.2758103853992908,0.9994442515759141,2,Popular but Low Margin/Profit
Stories Le Mall,ORANGE JUICE,1.5878900548190855,0.9974646737267722,2,Popular but Low Margin/Profit
Stories Le Mall,ICED MOCHA MEDIUM,1.300589844373992,0.9994984267688029,2,Popular but Low Margin/Profit
Stories Le Mall,MOCHA MEDIUM,1.0896189488730992,0.9921239945551049,2,Popular but Low Margin/Profit
Stories Le Mall,POMEGRANATE YOGHURT COMBO MEDIUM,1.056043043792341,0.9974562753404911,2,Popular but Low Margin/Profit
Stories Le Mall,DOUBLE CHOCOLATE MUFFIN,1.3387288132862059,0.998536794053547,2,Popular but Low Margin/Profit
Stories Le Mall,CHOCOLATE SABLE,1.4297952243332146,0.9886205747839786,2,Popular but Low Margin/Profit
Stories Le Mall,ICED PEACH TEA  MEDIUM,1.140583859679067,0.9999218329899962,2,Popular but Low Margin/Profit
Stories Le Mall,ECLAIR CHOCOLAT,1.1532397579464833,0.9698074118419662,2,Popular but Low Margin/Profit
Stories Le Mall,REPLACE ALMOND MEDIUM,1.1006492732399276,0.9833430590197251,2,Popular but Low Margin/Profit
Stories Le Mall,ECLAIR ORIGINAL,1.0342579560792822,0.9701195236119433,2,Popular but Low Margin/Profit
Stories Le Mall,ICED SALTED CARAMEL LATTE MEDIUM,1.0474898635145111,0.9971319782338569,2,Popular but Low Margin/Profit
Stories Le Mall,FREEZE DROPS STRAWBERRY,1.0503514067065234,0.9991951227194612,2,Popular but Low Margin/Profit
Stories Mansourieh,CLASSIC CINNAMON ROLL LARGE,1.2079745233811068,0.9995487168716826,2,Popular but Low Margin/Profit
Stories Mansourieh,ICED LATTE MEDIUM,1.114923275548039,0.9992632742140164,2,Popular but Low Margin/Profit
Stories Mansourieh,BLACK COFFEE SMALL,1.3971963845473765,0.9894245175167437,2,Popular but Low Margin/Profit
Stories Mansourieh,ICED SPANISH LATTE MEDIUM,1.0900399656320814,0.9992779942026072,2,Popular but Low Margin/Profit
Stories Mansourieh,BROWN TURKEY & CHEESE SUB,1.369240487475482,0.9958502816410257,2,Popular but Low Margin/Profit
Stories Mansourieh,BROWN PESTO HALLOUMI SUB,1.0779290441122622,0.9893558213561973,2,Popular but Low Margin/Profit
Stories Mansourieh,MOCHA FRAPP MEDIUM,1.0227752823927965,0.9931125102702206,2,Popular but Low Margin/Profit
Stories Mansourieh,BROWN CHICKEN CAESAR SANDWICH,1.0230504830517382,0.9664893646339898,2,Popular but Low Margin/Profit
Stories Mansourieh,ICED MATCHA LATTE SMALL,1.076476499214034,0.9878606311072865,2,Popular but Low Margin/Profit
Stories Mansourieh,BROWN TUNA SUB,1.2425236502905659,0.9788942342333485,2,Popular but Low Margin/Profit
Stories Mansourieh,CHICKEN CAESAR SANDWICH,1.0364220061923053,0.9674316004207142,2,Popular but Low Margin/Profit
Stories Mansourieh,BROWNIES CAKE,1.0737621481799076,0.9657719496156713,2,Popular but Low Margin/Profit
Stories Mansourieh,BLUE NADE,1.0340496114231876,0.9993338498622667,2,Popular but Low Margin/Profit
Stories Mansourieh,COLD BREW BOTTLE,1.0155487751338754,0.8682627859184184,2,Popular but Low Margin/Profit
Stories Mansourieh,THYME CROISSANT,1.1752373170995822,0.9697228484891927,2,Popular but Low Margin/Profit
Stories Mansourieh,BROWN LABNEH SUB,1.0222627817619128,0.983156947205975,2,Popular but Low Margin/Profit
Stories Ramlet El Bayda,ICED LATTE MEDIUM,1.017362563215597,0.9991113626232156,2,Popular but Low Margin/Profit
Stories Ramlet El Bayda,LATTE MEDIUM,1.1027999756226166,0.998929747475688,2,Popular but Low Margin/Profit
Stories Ramlet El Bayda,CARAMEL FRAPP MEDIUM,1.101045485852981,0.9986711832519799,2,Popular but Low Margin/Profit
Stories Ramlet El Bayda,ICED SPANISH LATTE MEDIUM,1.2987934991311247,0.9991843863799291,2,Popular but Low Margin/Profit
Stories Ramlet El Bayda,ICED WHITE MOCHA MEDIUM,1.4485995590224539,0.9991657649926108,2,Popular but Low Margin/Profit
Stories Ramlet El Bayda,WHITE MOCHA MEDIUM,1.4834611002810327,0.996097186316061,2,Popular but Low Margin/Profit
Stories Ramlet El Bayda,ICED MATCHA LATTE MEDIUM,1.217929370455463,0.9975810704579451,2,Popular but Low Margin/Profit
Stories Ramlet El Bayda,BROWN TURKEY & CHEESE SUB,1.102062406328347,0.9972755960428533,2,Popular but Low Margin/Profit
Stories Ramlet El Bayda,WHITE MOCHA SMALL,1.2963783561629278,0.9593421265786646,2,Popular but Low Margin/Profit
Stories Ramlet El Bayda,DOUBLE SHOT SHAKEN MEDIUM,2.19342274288954,0.9978518012962959,1,Popular but Low Margin/Profit
Stories Ramlet El Bayda,NY STYLE COOKIE - CHOCOLATE CHIP WALNUT,1.690541771829921,0.9961857386878104,1,Popular but Low Margin/Profit
Stories Ramlet El Bayda,FLAT WHITE,1.9085531722349358,0.9498778219113657,1,Popular but Low Margin/Profit
Stories Ramlet El Bayda,ICED WHITE MOCHA SMALL,1.7908370916756458,0.9746195747562791,1,Popular but Low Margin/Profit
Stories Ramlet El Bayda,BROWN TUNA SUB,2.194937674268812,0.9930929958438771,1,Popular but Low Margin/Profit
Stories Ramlet El Bayda,BROWN PESTO HALLOUMI SUB,1.219633245531496,0.9941346292680655,2,Popular but Low Margin/Profit
Stories Ramlet El Bayda,CHEESE CROISSANT,1.0113289835691428,0.9937680647016287,2,Popular but Low Margin/Profit
Stories Ramlet El Bayda,ICED SPANISH LATTE SMALL,1.3253366408423162,0.9723816000062947,2,Popular but Low Margin/Profit
Stories Ramlet El Bayda,ICED AMERICANO MEDIUM,1.3619613669564976,0.9998924943281812,2,Popular but Low Margin/Profit
Stories Ramlet El Bayda,REPLACE ALMOND MEDIUM,1.3574136070434784,0.9985660014922436,2,Popular but Low Margin/Profit
Stories Ramlet El Bayda,DOUBLE CHOCOLATE MUFFIN,1.154267931514064,0.9983746836372691,2,Popular but Low Margin/Profit
Stories Ramlet El Bayda,PISTACHIO CRUNCH,1.046768875931813,0.971658764210392,2,Popular but Low Margin/Profit
Stories Ramlet El Bayda,TUNA SUB,1.0737299336889037,0.9925456372086776,2,Popular but Low Margin/Profit
Stories Ramlet El Bayda,SAN BENEDETTO CLEMENTINE 330ML/24,1.1152093288676697,0.9990551332476562,2,Popular but Low Margin/Profit
Stories Ramlet El Bayda,CHOCOLATE SABLE,1.0735775215196712,0.990833035874593,2,Popular but Low Margin/Profit
Stories Ramlet El Bayda,ESPRESSO FRAPP MEDIUM,1.1597523805103485,0.9933473745638289,2,Popular but Low Margin/Profit
Stories Ramlet El Bayda,REPLACE COCONUT MEDIUM,1.007261152205153,0.9897709783939126,2,Popular but Low Margin/Profit
Stories Saida,MANGO YOGHURT COMBO SMALL,1.171403866100074,0.9932928039626372,2,Popular but Low Margin/Profit
Stories Saida,BLUEBERRY YOGHURT COMBO SMALL,1.514592399505856,0.9966521233037811,2,Popular but Low Margin/Profit
Stories Saida,ORIGINAL YOGHURT COMBO SMALL,1.0032671903056178,0.9924482475076697,2,Popular but Low Margin/Profit
Stories Saida,CHOCOLATE YOGHURT COMBO SMALL,1.265060570157821,0.9895624624316013,2,Popular but Low Margin/Profit
Stories Saida,BLUEBERRY YOGHURT COMBO MEDIUM,1.0661328449459093,0.999640362263397,2,Popular but Low Margin/Profit
Stories Saida,LAZY CAKE,1.3173557249695047,0.9704325133642174,2,Popular but Low Margin/Profit
Stories Saida,WHITE MOCHA MEDIUM,1.10086478284608,0.991709830847881,2,Popular but Low Margin/Profit
Stories Saida,CARAMEL MACHIATO MEDIUM,1.641161589482195,0.9935549508825713,1,Popular but Low Margin/Profit
Stories Saida,CARAMEL CREAM  FRAPP MEDIUM,1.782267344323658,0.9999186643053493,1,Popular but Low Margin/Profit
Stories Saida,MOCHA MEDIUM,1.168498994516265,0.9911640937483134,2,Popular but Low Margin/Profit
Stories Saida,CHOCOLATE QUELLA,1.9486281719345016,0.9975556717907069,1,Popular but Low Margin/Profit
Stories Saida,FONDANT AU CHOCOLAT,1.0079298399094998,0.963276430008291,2,Popular but Low Margin/Profit
Stories Saida,CARAMEL FRAPP LARGE,1.0007459539794115,0.9983577503595737,2,Popular but Low Margin/Profit
Stories Saida,PISTACHIO CRUNCH,1.211784278633958,0.9929576034319119,2,Popular but Low Margin/Profit
Stories Saida,BLUEBERRY CHEESE CAKE,1.1912034193505272,0.9334495446794481,2,Popular but Low Margin/Profit
Stories Saida,CHOCOLATE CRUNCH,1.003421517025882,0.9930656578654876,2,Popular but Low Margin/Profit
Stories Saida,MOCHA SMALL,1.1289626373821033,0.9480866812165208,2,Popular but Low Margin/Profit
Stories Saida,CARAMEL CREAM FRAPP SMALL,1.013815754386902,0.9960075918281289,2,Popular but Low Margin/Profit
Stories Saida,MATCHA LATTE MEDIUM,1.0591469246139575,0.9952618578249017,2,Popular but Low Margin/Profit
Stories Sour 2,ICED AMERICANO SMALL,1.2044916063624158,0.9534990963679866,2,Popular but Low Margin/Profit
Stories Verdun,MANGO YOGHURT COMBO SMALL,1.2353077923008617,0.9983921771563852,2,Popular but Low Margin/Profit
Stories Verdun,LOTUS YOGHURT COMBO SMALL,2.7982071734693585,0.9856353208231368,1,Popular but Low Margin/Profit
Stories Verdun,DOUBLE SHOT SHAKEN SMALL,1.0599960766932537,0.997060616188265,2,Popular but Low Margin/Profit
Stories Zalka,WATER,1.4917159812588157,0.9977955595134025,2,Popular but Low Margin/Profit
Stories Zalka,ORIGINAL YOGHURT COMBO SMALL,1.006616066047782,0.9984199509726169,2,Popular but Low Margin/Profit
Stories Zalka,CHOCOLATE YOGHURT COMBO SMALL,1.2404068117276255,0.9986504104584868,2,Popular but Low Margin/Profit
Stories Zalka,ICED LATTE MEDIUM,1.1149733351452455,0.9998661270702903,2,Popular but Low Margin/Profit
Stories Zalka,LATTE MEDIUM,1.07110654973875,0.9970811495812772,2,Popular but Low Margin/Profit
Stories Zalka,ORIGINAL YOGHURT COMBO MEDIUM,1.3734975738328086,0.9984847901416931,2,Popular but Low Margin/Profit
Stories Zalka,MANGO YOGHURT COMBO MEDIUM,1.0602094265845663,0.998458024276459,2,Popular but Low Margin/Profit
Stories Zalka,CHOCOLATE YOGHURT COMBO MEDIUM,1.9316328661429898,0.9982158878477493,1,Popular but Low Margin/Profit
Stories Zalka,BROWN TURKEY & CHEESE SUB,1.478189056616415,0.9999466941364813,2,Popular but Low Margin/Profit
Stories Zalka,BLACK COFFEE MEDIUM,1.661221700395225,0.9958647321061904,1,Popular but Low Margin/Profit
Stories Zalka,TURKEY & CHEESE SUB,1.1886204187545901,0.9980060610195866,2,Popular but Low Margin/Profit
Stories Zalka,CAPPUCCINO MEDIUM,1.088744840385362,0.9977301122999989,2,Popular but Low Margin/Profit
Stories Zalka,AMERICANO MEDIUM,1.506714136561784,0.999255176335882,2,Popular but Low Margin/Profit
Stories Zalka,AMERICANO SMALL,1.0406651855066977,0.999877228114232,2,Popular but Low Margin/Profit
Stories Zalka,SIGNATURE HOT CHOCOLATE MEDIUM,1.5256834853768553,0.9991976338496177,2,Popular but Low Margin/Profit
Stories Zalka,ICED AMERICANO MEDIUM,1.7511379998536858,0.9997568635306792,1,Popular but Low Margin/Profit
Stories Zalka,MOCHA FRAPP MEDIUM,1.1564568515514084,0.9977403052547892,2,Popular but Low Margin/Profit
Stories Zalka,POMEGRANATE YOGHURT COMBO MEDIUM,1.4893680351680179,0.9992298799675415,2,Popular but Low Margin/Profit
Stories Zalka,BROWN PESTO HALLOUMI SUB,1.0822888327069016,0.9995784874321632,2,Popular but Low Margin/Profit
Stories Zalka,ORANGE JUICE,1.5294679305841772,0.9971790865302576,2,Popular but Low Margin/Profit
Stories Zalka,ICED MOCHA MEDIUM,1.3837141721043982,0.9994970473273375,2,Popular but Low Margin/Profit
Stories Zalka,BROWN TUNA SUB,1.5411263054636728,0.999648375260198,2,Popular but Low Margin/Profit
Stories Zalka,MOCHA MEDIUM,1.1121702314352178,0.9903694554731608,2,Popular but Low Margin/Profit
Stories Zalka,MACARONS,1.5758971420809722,0.9949250530366109,2,Popular but Low Margin/Profit
Stories Zalka,SAN BENEDETTO LEMON 330ML/24,1.4189256787696007,0.9982090968639401,2,Popular but Low Margin/Profit
Stories Zalka,SAN BENEDETTO CLEMENTINE 330ML/24,1.6034981908457737,0.9983032309152176,2,Popular but Low Margin/Profit
Stories Zalka,ICED WHITE MOCHA LARGE,1.0098484345533516,0.9994876877082043,2,Popular but Low Margin/Profit
Stories Zalka,TUNA SUB,1.094398459747627,0.9990454933367484,2,Popular but Low Margin/Profit
Stories Zalka,LATTE LARGE,1.0625725752235033,0.9987812802316344,2,Popular but Low Margin/Profit
Stories Zalka,PISTACHIO CRUNCH,1.030995113909563,0.9617840458257543,2,Popular but Low Margin/Profit
Stories alay,CARAMEL FRAPP MEDIUM,2.019250667861901,0.997920980747263,1,Popular but Low Margin/Profit
Stories alay,BLACK COFFEE SMALL,1.6915300329379341,0.994561466695909,1,Popular but Low Margin/Profit
Stories alay,ORIGINAL YOGHURT COMBO MEDIUM,1.110283411044754,0.9961758288671976,2,Popular but Low Margin/Profit
Stories alay,CARAMEL FRAPP SMALL,1.6684394078610718,0.9908815527263362,1,Popular but Low Margin/Profit
Stories alay,BLUEBERRY YOGHURT COMBO MEDIUM,1.0763699068869448,0.9964251487825417,2,Popular but Low Margin/Profit
Stories alay,ICED CARAMEL MACCHIATO MEDIUM,1.2673277461313983,0.9978631835736523,2,Popular but Low Margin/Profit
Stories alay,MOCHA FRAPP MEDIUM,1.7294311609600588,0.9939072860771716,1,Popular but Low Margin/Profit
Stories alay,BLACK COFFEE MEDIUM,1.2011340033332196,0.9963310594871561,2,Popular but Low Margin/Profit
Stories alay,STRAWBERRY CREAM FRAPP MEDIUM,1.6440067539484282,0.9977780453058396,1,Popular but Low Margin/Profit
Stories alay,CHOCOLATE CREAM FRAPP MEDIUM,1.8979716839322553,0.9979418704387096,1,Popular but Low Margin/Profit
Stories alay,RED VELVET CAKE,2.289539111334555,0.9996469835817677,1,Popular but Low Margin/Profit
Stories alay,DOUBLE SHOT SHAKEN MEDIUM,1.8509192821048042,0.9931494980308488,1,Popular but Low Margin/Profit
Stories alay,CARAMEL CREAM  FRAPP MEDIUM,1.7188434743177496,0.9992008561850526,1,Popular but Low Margin/Profit
Stories alay,SPANISH LATTE MEDIUM,1.1656679624420618,0.9995308509471861,2,Popular but Low Margin/Profit
Stories alay,CARAMEL FRAPP LARGE,1.6637266741663712,0.9888293173310917,1,Popular but Low Margin/Profit
Stories alay,SIGNATURE HOT CHOCOLATE SMALL,1.367034667752177,0.9550752499851263,2,Popular but Low Margin/Profit
Stories alay,SIGNATURE HOT CHOCOLATE MEDIUM,1.3867841913425774,0.9963887937457757,2,Popular but Low Margin/Profit
Stories alay,STRAWBERRY CREAM FRAPP SMALL,1.4837495434005505,0.957816148744295,2,Popular but Low Margin/Profit
Stories alay,CARAMEL MACHIATO SMALL,1.257617418344339,0.987124536480041,2,Popular but Low Margin/Profit
Stories alay,ICED SPANISH LATTE SMALL,1.0643869517076443,0.9971832824998421,2,Popular but Low Margin/Profit
Stories alay,BLUE NADE,1.5010800712662797,0.9982384997330521,2,Popular but Low Margin/Profit
Stories alay,CARAMEL CREAM FRAPP SMALL,1.5240413389212708,0.9838789636687385,2,Popular but Low Margin/Profit
Stories alay,LOTUS YOGHURT COMBO MEDIUM,1.3793064497254766,0.9964002091381766,2,Popular but Low Margin/Profit
Stories alay,LOTUS ROLL,1.8372745787659142,0.9973634136449097,1,Popular but Low Margin/Profit
Stories alay,ICED MOCHA MEDIUM,1.1335867909044546,0.9985370134151079,2,Popular but Low Margin/Profit
Stories alay,CHOCOLATE CREAM FRAP SMALL,1.1206296300665504,0.9891499573303957,2,Popular but Low Margin/Profit
Stories alay,CARROT CAKE,1.4829559580227794,0.9765333409055778,2,Popular but Low Margin/Profit
Stories alay,ICED AMERICANO MEDIUM,1.0276904421004056,0.9997845684780502,2,Popular but Low Margin/Profit
Stories alay,MOCHA FRAPP SMALL,1.4714134657687004,0.9873433851607447,2,Popular but Low Margin/Profit
Stories alay,ICED PEACH TEA  MEDIUM,1.0750346043582781,0.9968886130975074,2,Popular but Low Margin/Profit
Stories alay,VANILLA CREAM FRAPP MEDIUM,1.0410538777398666,0.9877733704946612,2,Popular but Low Margin/Profit
Stories alay,MOCHA SMALL,1.1041706939596945,0.9573463202398886,2,Popular but Low Margin/Profit
Stories alay,MATCHA CREAM FRAPP MEDIUM,1.050240639148833,0.9799222329917724,2,Popular but Low Margin/Profit
Stories alay,COFFEE FRAPPE MEDIUM,1.07057361916112,0.9816295669072079,2,Popular but Low Margin/Profit
Stories amioun,BROWN TURKEY & CHEESE SUB,2.4260293386394713,0.9941456292020968,1,Popular but Low Margin/Profit
Stories amioun,LATTE SMALL,1.2970210689880042,0.9817113870999096,2,Popular but Low Margin/Profit
Stories amioun,ORIGINAL YOGHURT COMBO MEDIUM,1.1771148449806328,0.9967420402242102,2,Popular but Low Margin/Profit
Stories amioun,TURKEY & CHEESE SUB,1.5030313037530694,0.9923883669548045,2,Popular but Low Margin/Profit
Stories amioun,BLUEBERRY YOGHURT COMBO MEDIUM,1.0926268382810291,0.9966770422991135,2,Popular but Low Margin/Profit
Stories amioun,SIGNATURE HOT CHOCOLATE MEDIUM,2.444818454076688,0.9966078283428474,1,Popular but Low Margin/Profit
Stories amioun,TIRAMISU CUP,1.7059633909270484,0.9999999683908842,1,Popular but Low Margin/Profit
Stories amioun,SIGNATURE HOT CHOCOLATE SMALL,2.142725208139906,0.9729959079141279,1,Popular but Low Margin/Profit
Stories amioun,ESPRESSO,1.165518501294923,0.9996466564946626,2,Popular but Low Margin/Profit
Stories amioun,AMERICANO MEDIUM,1.5372325977265568,0.9989510327468344,2,Popular but Low Margin/Profit
Stories amioun,BROWN PESTO HALLOUMI SUB,1.2032962631024966,0.9733648733173984,2,Popular but Low Margin/Profit
Stories amioun,STRAWBERRY CREAM FRAPP MEDIUM,1.1062557658631296,0.9993094407450034,2,Popular but Low Margin/Profit
Stories amioun,BROWN CHICKEN CAESAR SANDWICH,1.2601432950479576,0.9629466439379589,2,Popular but Low Margin/Profit
Stories amioun,BROWN CHICKEN TERIAKI SUB,1.237362544618657,0.9713877058452078,2,Popular but Low Margin/Profit
Stories amioun,SPANISH LATTE SMALL,1.0677653543756451,0.8293502775375404,2,Popular but Low Margin/Profit
Stories amioun,DOUBLE CHOCOLATE MUFFIN,1.5809908076095631,0.9977685760367488,2,Popular but Low Margin/Profit
Stories amioun,CHOCOLATE ROLL LARGE,1.0566844479874522,0.9339772835420377,2,Popular but Low Margin/Profit
Stories amioun,FLAT WHITE,1.169801752791077,0.9996964530101612,2,Popular but Low Margin/Profit
Stories amioun,ICED MOCHA MEDIUM,1.178136908237739,0.99853726014584,2,Popular but Low Margin/Profit
Stories amioun,MOCHA SMALL,1.4352289308780157,0.9789025631803986,2,Popular but Low Margin/Profit
Stories amioun,BLUEBERRY MUFFIN,1.3414374186326141,0.9974218139783816,2,Popular but Low Margin/Profit
Stories amioun,ORANGE JUICE,1.007593727590904,0.999999981091577,2,Popular but Low Margin/Profit
Stories amioun,THYME CROISSANT,1.2848082600562674,0.9652213620519322,2,Popular but Low Margin/Profit
Stories amioun,ORANGE CAKE,1.070227702668783,0.9842533619434845,2,Popular but Low Margin/Profit
Stories amioun,NY STYLE COOKIE - DOUBLE CHOCOLATE,1.1338764936454566,0.9889755589995685,2,Popular but Low Margin/Profit
Stories amioun,MATCHA CREAM FRAPP MEDIUM,1.1533302646425274,0.9874384923191734,2,Popular but Low Margin/Profit
Stories amioun,FREEZE DROPS STRAWBERRY,1.0204199953415818,0.9861929352014139,2,Popular but Low Margin/Profit
Stories amioun,LOTUS ROLL,1.0019215442645002,0.9973632080905214,2,Popular but Low Margin/Profit
Stories jbeil,ICED SPANISH LATTE SMALL,1.189284450691735,0.917974934814033,2,Popular but Low Margin/Profit
Stories jbeil,SPANISH LATTE SMALL,1.0008581044851317,0.960353252248963,2,Popular but Low Margin/Profit
Stories kaslik,CHOCOLATE YOGHURT COMBO SMALL,1.3249389197682238,0.9919042114034243,2,Popular but Low Margin/Profit
Stories kaslik,LATTE SMALL,1.4296299970025637,0.9996284756333012,2,Popular but Low Margin/Profit
Stories kaslik,ICED LATTE MEDIUM,1.0752235728768418,0.9989429952105395,2,Popular but Low Margin/Profit
Stories kaslik,BROWN TURKEY & CHEESE SUB,1.4190714591745195,0.9987902355563034,2,Popular but Low Margin/Profit
Stories kaslik,BLUEBERRY YOGHURT COMBO MEDIUM,1.0568119409686982,0.9994305665345521,2,Popular but Low Margin/Profit
Stories kaslik,CHOCOLATE ROLL LARGE,2.300826873680475,0.9682585463204049,1,Popular but Low Margin/Profit
Stories kaslik,AMERICANO SMALL,1.4052607501567855,0.9941874252460104,2,Popular but Low Margin/Profit
Stories kaslik,AMERICANO MEDIUM,1.234429534676928,0.9959759110541528,2,Popular but Low Margin/Profit
Stories kaslik,SPANISH LATTE SMALL,1.2343168814504388,0.817873370312221,2,Popular but Low Margin/Profit
Stories kaslik,BROWN CHICKEN CAESAR SANDWICH,1.0976607032183838,0.9624753704742322,2,Popular but Low Margin/Profit
Stories kaslik,BROWNIES CAKE,1.4800989583434687,0.964287136520497,2,Popular but Low Margin/Profit
Stories kaslik,ICED MATCHA LATTE SMALL,1.1628604340247415,0.9561249987365358,2,Popular but Low Margin/Profit
Stories kaslik,ORANGE CAKE,1.420953199376584,0.9842536114338463,2,Popular but Low Margin/Profit
Stories kaslik,THYME CROISSANT,1.566582750973789,0.9658429554374449,2,Popular but Low Margin/Profit
Stories kaslik,NY STYLE COOKIE - DOUBLE CHOCOLATE,1.3029837869728076,0.9908084650192975,2,Popular but Low Margin/Profit
Stories kaslik,ICED AMERICANO SMALL,1.150209338874736,0.9970226431818751,2,Popular but Low Margin/Profit
Stories kaslik,ADD VANILLA SF MEDIUM,1.144194696960876,0.9845753000610415,2,Popular but Low Margin/Profit
Stories raouche,CLASSIC CINNAMON ROLL LARGE,1.2276902742819638,0.9557921248708241,2,Popular but Low Margin/Profit
Stories raouche,AMERICANO SMALL,1.6282100057973787,0.9967919422442997,2,Popular but Low Margin/Profit
Stories raouche,WHITE MOCHA SMALL,1.3903781893036953,0.9687687134377424,2,Popular but Low Margin/Profit
Stories raouche,SIGNATURE HOT CHOCOLATE SMALL,2.363072415317975,0.9409217745153063,1,Popular but Low Margin/Profit
Stories raouche,LOTUS SPREAD YOGHURT COMBO SMALL,3.257428726760026,0.9330714990940313,1,Popular but Low Margin/Profit
Stories raouche,ESPRESSO,1.3210474257178968,0.9975619157528859,2,Popular but Low Margin/Profit
Stories raouche,FLAT WHITE,2.1482553613110436,0.8512458740096879,1,Popular but Low Margin/Profit
Stories raouche,CHOCOLATE ROLL LARGE,1.8271773548256827,0.9450023140140821,1,Popular but Low Margin/Profit
Stories raouche,CARAMEL FRAPP SMALL,1.0738187952993083,0.9823855933690404,2,Popular but Low Margin/Profit
Stories raouche,BROWNIES CAKE,2.2843816658651246,0.9783351975501704,1,Popular but Low Margin/Profit
Stories raouche,ADD SHOT,1.6573467939563968,0.9459852716956975,1,Popular but Low Margin/Profit
Stories raouche,DOUBLE SHOT SHAKEN MEDIUM,1.4892421805658087,0.9973814625940791,2,Popular but Low Margin/Profit
Stories raouche,AMERICANO MEDIUM,1.0845068579852706,0.9983407747046553,2,Popular but Low Margin/Profit
Stories raouche,ORANGE CAKE,1.431593296713596,0.9877054739714597,2,Popular but Low Margin/Profit
Stories raouche,CARROT CAKE,1.3613918871797392,0.9805400232220934,2,Popular but Low Margin/Profit
Stories raouche,ASIAN SALAD (GRAB&GO),1.0553545146788965,0.9809309374233882,2,Popular but Low Margin/Profit
Stories sin el fil,CLASSIC CINNAMON ROLL LARGE,1.0461262048928694,0.9999068986716717,2,Popular but Low Margin/Profit
Stories sin el fil,BROWN TURKEY & CHEESE SUB,1.8493877063254636,0.9940574399833442,1,Popular but Low Margin/Profit
Stories sin el fil,ICED SPANISH LATTE MEDIUM,1.1012934386234,0.9975375818469705,2,Popular but Low Margin/Profit
Stories sin el fil,TURKEY & CHEESE SUB,1.2200911605619897,0.990991116326486,2,Popular but Low Margin/Profit
Stories sin el fil,CAPPUCCINO MEDIUM,1.1674162328618887,0.9999999384038641,2,Popular but Low Margin/Profit
Stories sin el fil,ESPRESSO,1.199331190869774,0.9984759811932843,2,Popular but Low Margin/Profit
Stories sin el fil,AMERICANO SMALL,1.2055295312051848,0.9997157488370583,2,Popular but Low Margin/Profit
Stories sin el fil,BROWN PESTO HALLOUMI SUB,1.5246911863389765,0.9725480429971445,2,Popular but Low Margin/Profit
Stories sin el fil,SPANISH LATTE MEDIUM,1.1689867739099897,0.9995308900142619,2,Popular but Low Margin/Profit
Stories sin el fil,BROWN CHICKEN TERIAKI SUB,1.760081403953994,0.9713879187345112,1,Popular but Low Margin/Profit
Stories sin el fil,BROWN TUNA SUB,2.0659821354340995,0.9728286804368246,1,Popular but Low Margin/Profit
Stories sin el fil,BROWN CHICKEN CAESAR SANDWICH,1.4780805193443232,0.9624758482972894,2,Popular but Low Margin/Profit
Stories sin el fil,TIRAMISU CUP,1.1228535108326192,0.9999999780404454,2,Popular but Low Margin/Profit
Stories sin el fil,AMERICANO MEDIUM,1.351313844246392,0.9957730791898765,2,Popular but Low Margin/Profit
Stories sin el fil,NY STYLE COOKIE - CHOCOLATE CHIP WALNUT,1.3304436494867484,0.9775170565866157,2,Popular but Low Margin/Profit
Stories sin el fil,SIGNATURE HOT CHOCOLATE MEDIUM,1.4799360640050574,0.996388719549187,2,Popular but Low Margin/Profit
Stories sin el fil,CHICKEN TERIAKI SUB,1.831041777749605,0.9643061289844717,1,Popular but Low Margin/Profit
Stories sin el fil,PINEAPPLE CUP,1.2926309453821323,0.953275634069616,2,Popular but Low Margin/Profit
Stories sin el fil,FLAT WHITE,1.2823965021477126,0.9629222326301445,2,Popular but Low Margin/Profit
Stories sin el fil,CHICKEN CAESAR SANDWICH,1.2731661514641104,0.9613064431152536,2,Popular but Low Margin/Profit
Stories sin el fil,SIGNATURE HOT CHOCOLATE SMALL,1.1075567846537233,0.9476827135063761,2,Popular but Low Margin/Profit
Stories sin el fil,BROWNIES CAKE,1.5380155926362373,0.9570012305624366,2,Popular but Low Margin/Profit
Stories sin el fil,CHOCOLATE CROISSANT,1.0459332203022103,0.9999999578233618,2,Popular but Low Margin/Profit
Stories sin el fil,RED CINNAMON ROLL,1.1888884892589846,0.999873374596805,2,Popular but Low Margin/Profit
Stories sin el fil,ORANGE CAKE,1.1140941401496751,0.9842533214491345,2,Popular but Low Margin/Profit
Stories sin el fil,NY STYLE COOKIE - DOUBLE CHOCOLATE,1.0462922085612727,0.9886108974708061,2,Popular but Low Margin/Profit
Stories.,MANGO YOGHURT COMBO SMALL,1.8438521034035162,0.9863774668115192,1,Popular but Low Margin/Profit
Stories.,CARAMEL FRAPP MEDIUM,2.3807077851956,0.9997654229184707,1,Popular but Low Margin/Profit
Stories.,BLUEBERRY YOGHURT COMBO SMALL,1.2809922191747372,0.9874746515787007,2,Popular but Low Margin/Profit
Stories.,CHOCOLATE YOGHURT COMBO SMALL,1.0115291722856419,0.9873231516294796,2,Popular but Low Margin/Profit
Stories.,STRAWBERRY CREAM FRAPP MEDIUM,2.599487652873012,0.9995196270217622,1,Popular but Low Margin/Profit
Stories.,ESPRESSO,1.7466681011021954,0.9971550777075493,1,Popular but Low Margin/Profit
Stories.,DOUBLE ESPRESSO,1.0437065417405504,0.9856168955237306,2,Popular but Low Margin/Profit
Stories.,POMEGRANATE YOGHURT COMBO SMALL,1.2132208671032274,0.9722825262538255,2,Popular but Low Margin/Profit
Stories.,CHOCOLATE YOGHURT COMBO MEDIUM,1.1706510065427722,0.9997625576174355,2,Popular but Low Margin/Profit
Stories.,CHOCOLATE CREAM FRAPP MEDIUM,2.112506469444795,0.9997272840557682,1,Popular but Low Margin/Profit
Stories.,WHITE MOCHA MEDIUM,1.0176037707797962,0.9864463836372653,2,Popular but Low Margin/Profit
Stories.,WHITE MOCHA SMALL,1.057041025989757,0.9925498616095623,2,Popular but Low Margin/Profit
Stories.,PISTACHIO CRUNCH,2.090622832088216,0.9401499405866263,1,Popular but Low Margin/Profit
Stories.,CARAMEL CREAM  FRAPP MEDIUM,1.392221436131841,0.9999532240967098,2,Popular but Low Margin/Profit
Stories.,ICED CARAMEL MACCHIATO SMALL,1.3129403772521189,0.9974216972295642,2,Popular but Low Margin/Profit
Stories.,CARAMEL MACHIATO MEDIUM,1.0515195955277472,0.987581548729453,2,Popular but Low Margin/Profit
Stories.,LOTUS CHEESE CAKE,1.9464314031383647,0.7655809313476657,1,Popular but Low Margin/Profit
Stories.,ICED MATCHA LATTE SMALL,1.3100569614187423,0.9978384656059999,2,Popular but Low Margin/Profit
Stories.,ADD SHOT,1.3101255703602241,0.9912226956988062,2,Popular but Low Margin/Profit
Stories.,CARAMEL MACHIATO SMALL,1.2749839784484147,0.9804447749658673,2,Popular but Low Margin/Profit
Stories.,FONDANT AU CHOCOLAT,1.078348019176081,0.906521562840759,2,Popular but Low Margin/Profit
Stories.,BLUEBERRY CHEESE CAKE,1.4169733023931095,0.8023561077537139,2,Popular but Low Margin/Profit
Stories.,MOCHA MEDIUM,1.015466504768887,0.984948230974264,2,Popular but Low Margin/Profit
Stories.,CHOCOLATE CRUNCH,1.166325040093863,0.9784403853800046,2,Popular but Low Margin/Profit
Stories.,FRAMBOISE CHEESE CAKE,1.0367254217271338,0.7738489121692442,2,Popular but Low Margin/Profit
