Branch,Item,Item Share Deviation Ratio,Item Margin Deviation Ratio,Cluster,Category
Stories - Bir Hasan,MANGO YOGHURT COMBO MEDIUM,1.2796310916953064,1.0133967709243616,2,Strong + Profitable
Stories - Bir Hasan,LATTE MEDIUM,1.049811241507998,1.0059247975581516,2,Strong + Profitable
Stories - Bir Hasan,CARAMEL FRAPP MEDIUM,1.1589553701627717,1.0138290174085558,2,Strong + Profitable
Stories - Bir Hasan,ORIGINAL YOGHURT COMBO MEDIUM,1.304485032474705,1.0193338194579784,2,Strong + Profitable
Stories - Bir Hasan,WHITE MOCHA SMALL,1.763509131116415,1.0176193331552719,1,Strong + Profitable
Stories - Bir Hasan,ICED WHITE MOCHA MEDIUM,1.382700808905968,1.0051172722111736,2,Strong + Profitable
Stories - Bir Hasan,TURKEY & CHEESE SUB,1.6935806830873708,1.0135359291666488,1,Strong + Profitable
Stories - Bir Hasan,ICED CARAMEL MACCHIATO MEDIUM,1.683191219102522,1.0084016825245836,1,Strong + Profitable
Stories - Bir Hasan,ICED MATCHA LATTE MEDIUM,1.1709523588123534,1.0193275318753916,2,Strong + Profitable
Stories - Bir Hasan,CARAMEL FRAPP SMALL,1.5328289112567381,1.0180782044046877,2,Strong + Profitable
Stories - Bir Hasan,CARAMEL FRAPP LARGE,1.8738215976185488,1.0140237470713285,1,Strong + Profitable
Stories - Bir Hasan,ICED WHITE MOCHA SMALL,1.696046592800584,1.0034486137533127,1,Strong + Profitable
Stories - Bir Hasan,DOUBLE SHOT SHAKEN MEDIUM,1.6029015889032567,1.0080572948511661,2,Strong + Profitable
Stories - Bir Hasan,CARAMEL MACHIATO MEDIUM,1.2322555721875152,1.00536781009921,2,Strong + Profitable
Stories - Bir Hasan,ICED MATCHA LATTE LARGE,2.051470287028099,1.0260659541868316,1,Strong + Profitable
Stories - Bir Hasan,TUNA SUB,1.7797244950636582,1.0073435079011857,1,Strong + Profitable
Stories - Bir Hasan,NY STYLE COOKIE - CHOCOLATE CHIP WALNUT,1.1656963471739963,1.009432503053073,2,Strong + Profitable
Stories - Bir Hasan,ICED LATTE LARGE,1.2981522593708392,1.0115399650306651,2,Strong + Profitable
Stories - Bir Hasan,CARAMEL MACHIATO SMALL,1.4038592018437388,1.0074121180416817,2,Strong + Profitable
Stories - Bir Hasan,MOCHA FRAPP MEDIUM,1.0572954975749465,1.0137553437115907,2,Strong + Profitable
Stories - Bir Hasan,ICED MATCHA LATTE SMALL,1.3287655378697423,1.0100379449038914,2,Strong + Profitable
Stories - Bir Hasan,ICED CARAMEL MACCHIATO SMALL,1.1983879473499763,1.0076011844185961,2,Strong + Profitable
Stories - Bir Hasan,LATTE LARGE,1.520555188342631,1.0131073926366787,2,Strong + Profitable
Stories - Bir Hasan,SPANISH LATTE SMALL,1.0494799744255991,1.0403143802973374,2,Strong + Profitable
Stories - Bir Hasan,ORIGINAL YOGHURT COMBO X-LARGE,1.4563765810801725,1.02341626059424,2,Strong + Profitable
Stories - Bir Hasan,PESTO HALLOUMI SUB,1.6468365273789585,1.023032547669591,1,Strong + Profitable
Stories - Bir Hasan,DOUBLE SHOT SHAKEN SMALL,1.4224440218645553,1.0990031385324674,2,Strong + Profitable
Stories - Bir Hasan,MANGO YOGHURT COMBO X-LARGE,1.4544133468900986,1.0194584502323198,2,Strong + Profitable
Stories - Bir Hasan,BROWNIES CAKE,1.36731772702164,1.0061164570667074,2,Strong + Profitable
Stories - Bir Hasan,BROWN TUNA SUB,1.2957203349979145,1.0158853365355738,2,Strong + Profitable
Stories - Bir Hasan,ICED WHITE MOCHA LARGE,1.2104971534895836,1.0081771922161489,2,Strong + Profitable
Stories - Bir Hasan,STRAWBERRY CREAM FRAPP SMALL,1.1418176799018926,1.0383794982779597,2,Strong + Profitable
Stories - Bir Hasan,TUNA PASTA SALAD (GRAB&GO),1.2192986645497144,1.0087429726305333,2,Strong + Profitable
Stories - Bir Hasan,CHOCOLATE CRUNCH,1.1401113434112045,1.0322771808327353,2,Strong + Profitable
Stories - Bir Hasan,ESPRESSO FRAPP MEDIUM,1.577017954257003,1.0188454415231547,2,Strong + Profitable
Stories - Bir Hasan,ICED CARAMEL MACCHIATO LARGE,1.5338354186603285,1.0148266793472966,2,Strong + Profitable
Stories - Bir Hasan,REPLACE 2 SHOT YIRGACHEFFE,1.0319400280344528,1.0008596613034109,2,Strong + Profitable
Stories - Bir Hasan,PISTACHIO CRUNCH,1.0091484536979762,1.0921916764029644,2,Strong + Profitable
Stories - Bir Hasan,MATCHA LATTE MEDIUM,1.2439691543030478,1.0194900429477247,2,Strong + Profitable
Stories - Bir Hasan,WHITE MOCHA FRAPP MEDIUM,1.2585325658300766,1.011877665174181,2,Strong + Profitable
Stories - Bir Hasan,WHITE MOCHA LARGE,1.023809146063174,1.0141447968721915,2,Strong + Profitable
Stories - Bir Hasan,AMERICANO LARGE,1.054757405047295,1.0197731316334226,2,Strong + Profitable
Stories Ain El Mreisseh,CLASSIC CINNAMON ROLL LARGE,1.7501996820513694,1.0221917350113632,1,Strong + Profitable
Stories Ain El Mreisseh,ICED SPANISH LATTE MEDIUM,1.2818360004535665,1.000157383056713,2,Strong + Profitable
Stories Ain El Mreisseh,POMEGRANATE YOGHURT COMBO SMALL,1.1438368314785334,1.0061080691433961,2,Strong + Profitable
Stories Ain El Mreisseh,WHITE MOCHA SMALL,1.229721612839484,1.0051277383595398,2,Strong + Profitable
Stories Ain El Mreisseh,FLAT WHITE,1.7924290938751997,1.0022866890402569,1,Strong + Profitable
Stories Ain El Mreisseh,SIGNATURE HOT CHOCOLATE SMALL,1.4950060448077356,1.0134138648635636,2,Strong + Profitable
Stories Ain El Mreisseh,DOUBLE SHOT SHAKEN MEDIUM,1.3904969334017796,1.0005121444521747,2,Strong + Profitable
Stories Ain El Mreisseh,ICED SPANISH LATTE SMALL,1.0710598609294963,1.002526772304817,2,Strong + Profitable
Stories Ain El Mreisseh,SPANISH LATTE SMALL,1.0216053762665043,1.052658427694541,2,Strong + Profitable
Stories Ain El Mreisseh,ADD SHOT,1.1442043025261606,1.009206791444386,2,Strong + Profitable
Stories Ain El Mreisseh,ICED WHITE MOCHA SMALL,1.022185633653072,1.0027291926493118,2,Strong + Profitable
Stories Ain El Mreisseh,BROWN TUNA SUB,1.0852339110398417,1.0003516247398019,2,Strong + Profitable
Stories Ain El Mreisseh,ORANGE CAKE,1.092103030631989,1.0001983242412242,2,Strong + Profitable
Stories Airport,MANGO YOGHURT COMBO SMALL,1.1562342922631017,1.0084243931691197,2,Strong + Profitable
Stories Airport,CLASSIC CINNAMON ROLL LARGE,1.4259541545386827,1.0100241461709212,2,Strong + Profitable
Stories Airport,BLUEBERRY YOGHURT COMBO SMALL,1.0009950397248004,1.0046648444562034,2,Strong + Profitable
Stories Airport,WHITE MOCHA MEDIUM,1.6355717556483067,1.000000384475908,1,Strong + Profitable
Stories Airport,ESPRESSO,1.8357842598102234,1.0001081653169794,1,Strong + Profitable
Stories Airport,LAZY CAKE,1.7640541953046285,1.0198457972939095,1,Strong + Profitable
Stories Airport,WHITE MOCHA SMALL,1.4991126050401236,1.063125879835059,2,Strong + Profitable
Stories Airport,FONDANT AU CHOCOLAT,1.4305048542250216,1.0205648073277234,2,Strong + Profitable
Stories Airport,BLUEBERRY CHEESE CAKE,1.6357232202926248,1.134854345761824,1,Strong + Profitable
Stories Airport,CHOCOLATE ROLL LARGE,1.038299965993533,1.0301485474163776,2,Strong + Profitable
Stories Airport,LOTUS CHEESE CAKE,1.483871609350545,1.0581769596003718,2,Strong + Profitable
Stories Airport,MACARONS,1.3871937470119686,1.0043232156416335,2,Strong + Profitable
Stories Airport,FRAMBOISE CHEESE CAKE,1.1907187894249964,1.0760032551250411,2,Strong + Profitable
Stories Airport,CHOCOLATE SALTED CAKE,1.0489281240608064,1.008529233682902,2,Strong + Profitable
Stories Airport,ICED PEACH TEA  SMALL,1.0430717624070363,1.1392683994754902,2,Strong + Profitable
Stories Antelias,ORIGINAL YOGHURT COMBO SMALL,1.5719922972889155,1.0078821061161807,2,Strong + Profitable
Stories Antelias,CHOCOLATE YOGHURT COMBO SMALL,1.5560820980301426,1.0033083281087671,2,Strong + Profitable
Stories Antelias,MANGO YOGHURT COMBO SMALL,1.0715085746659854,1.0018172679017983,2,Strong + Profitable
Stories Antelias,ORIGINAL YOGHURT COMBO MEDIUM,2.3333584456375323,1.017659468248311,1,Strong + Profitable
Stories Antelias,BLUEBERRY YOGHURT COMBO SMALL,1.1040790104649512,1.002682832225893,2,Strong + Profitable
Stories Antelias,ICED LATTE MEDIUM,1.060493976058897,1.0069894366812213,2,Strong + Profitable
Stories Antelias,MANGO YOGHURT COMBO MEDIUM,1.389800142308902,1.0118830870421998,2,Strong + Profitable
Stories Antelias,CHOCOLATE YOGHURT COMBO MEDIUM,2.1927359682397634,1.0105122244495501,1,Strong + Profitable
Stories Antelias,LATTE SMALL,1.0714477994076603,1.0032128196551495,2,Strong + Profitable
Stories Antelias,BLUEBERRY YOGHURT COMBO MEDIUM,1.4574503765141638,1.0117596146948709,2,Strong + Profitable
Stories Antelias,ICED LATTE SMALL,1.4995060000112852,1.0016997234211498,2,Strong + Profitable
Stories Antelias,BROWN TURKEY & CHEESE SUB,1.11841733545675,1.0142008168869172,2,Strong + Profitable
Stories Antelias,TURKEY & CHEESE SUB,1.3686285984258248,1.0158103786146453,2,Strong + Profitable
Stories Antelias,AMERICANO SMALL,1.5086976587837577,1.0058062127765712,2,Strong + Profitable
Stories Antelias,ICED MATCHA LATTE MEDIUM,1.0604721017044598,1.0182723036960408,2,Strong + Profitable
Stories Antelias,CAPPUCCINO SMALL,1.2949798196881388,1.0068447164404988,2,Strong + Profitable
Stories Antelias,LAZY CAKE,1.1400612781523645,1.0003323215562188,2,Strong + Profitable
Stories Antelias,CHEESE CROISSANT,1.2979788442325582,1.0103902833489289,2,Strong + Profitable
Stories Antelias,CHOCOLATE CROISSANT,1.6910949039154966,1.0173592615020737,1,Strong + Profitable
Stories Antelias,AMERICANO MEDIUM,1.5033848966055174,1.012065967676382,2,Strong + Profitable
Stories Antelias,ICED LATTE LARGE,1.5209309471708148,1.0103643618257547,2,Strong + Profitable
Stories Antelias,ICED MATCHA LATTE SMALL,1.5596539043830586,1.0158427487329815,2,Strong + Profitable
Stories Antelias,BROWN PESTO HALLOUMI SUB,1.057092702009731,1.025522802668206,2,Strong + Profitable
Stories Antelias,ICED MATCHA LATTE LARGE,1.825950810607373,1.0224973461030131,1,Strong + Profitable
Stories Antelias,LATTE LARGE,1.5615585400832106,1.0176568488837572,2,Strong + Profitable
Stories Antelias,ORIGINAL YOGHURT COMBO X-LARGE,1.5150399117579003,1.0246065097571546,2,Strong + Profitable
Stories Antelias,ICED CARAMEL MACCHIATO SMALL,1.0810013336344004,1.0056522912138657,2,Strong + Profitable
Stories Antelias,PISTACHIO CRUNCH,1.3958815064009413,1.0643274334963702,2,Strong + Profitable
Stories Antelias,CHOCOLATE CRUNCH,1.296817133680344,1.0285445941351146,2,Strong + Profitable
Stories Antelias,PINEAPPLE CUP,1.073124376134076,1.0361723263413447,2,Strong + Profitable
Stories Antelias,ICED AMERICANO MEDIUM,1.1707623663256699,1.0061154018773801,2,Strong + Profitable
Stories Antelias,REPLACE ALMOND MEDIUM,1.3675774596002273,1.0044521221864966,2,Strong + Profitable
Stories Antelias,PESTO HALLOUMI SUB,1.3482411022206484,1.0233319099626565,2,Strong + Profitable
Stories Antelias,CHOCOLATE SALTED CAKE,1.1498046863899416,1.0022635843185128,2,Strong + Profitable
Stories Antelias,MATCHA LATTE MEDIUM,1.5130190040591989,1.0163957367420424,2,Strong + Profitable
Stories Antelias,ORANGE JUICE,1.070096520571099,1.0021454605628792,2,Strong + Profitable
Stories Antelias,MANGO YOGHURT COMBO X-LARGE,1.1994374305735047,1.0189877176705011,2,Strong + Profitable
Stories Antelias,BROWNIES CAKE,1.1431620989513127,1.0106959767874422,2,Strong + Profitable
Stories Antelias,DOUBLE CHOCOLATE MUFFIN,1.2015148644422713,1.0095480378725366,2,Strong + Profitable
Stories Antelias,ECLAIR CHOCOLAT,1.2191007802902367,1.0056523822324734,2,Strong + Profitable
Stories Antelias,TUNA PASTA SALAD (GRAB&GO),1.0674085750956375,1.0153236825691854,2,Strong + Profitable
Stories Antelias,ECLAIR ORIGINAL,1.1212660158375036,1.0101672029428392,2,Strong + Profitable
Stories Antelias,CHOCOLATE YOGHURT COMBO X-LARGE,1.041642361452913,1.0183280496127278,2,Strong + Profitable
Stories Antelias,ICED AMERICANO LARGE,1.129123751742665,1.0110374892856608,2,Strong + Profitable
Stories Antelias,ICED AMERICANO SMALL,1.0633737612166414,1.0021638190417284,2,Strong + Profitable
Stories Antelias,ICED CARAMEL MACCHIATO LARGE,1.1353819485795607,1.0133669553938909,2,Strong + Profitable
Stories Antelias,BLUEBERRY YOGHURT COMBO X-LARGE,1.040235702003641,1.0193859032685222,2,Strong + Profitable
Stories Antelias,CHOCOLATE QUELLA,1.0235959098420855,1.0118552344264258,2,Strong + Profitable
Stories Antelias,MOCHA FRAPP SMALL,1.0165134761721693,1.0122788085067673,2,Strong + Profitable
Stories Antelias,REPLACE ALMOND SMALL,1.0157929546486901,1.026234771925854,2,Strong + Profitable
Stories Batroun,BLACK COFFEE SMALL,2.2911177205158815,1.003986378528119,1,Strong + Profitable
Stories Batroun,DOUBLE ESPRESSO,1.2683880692343033,1.0028807006115268,2,Strong + Profitable
Stories Batroun,BROWN TURKEY & CHEESE SUB,1.1990437000090064,1.0008205813379065,2,Strong + Profitable
Stories Batroun,BROWN PESTO HALLOUMI SUB,1.1107566629444947,1.0004215125678368,2,Strong + Profitable
Stories Batroun,FLAT WHITE,1.2945712897781547,1.013146151098897,2,Strong + Profitable
Stories Batroun,ORGANIC GREEN TEA MEDIUM,1.5661044265879012,1.0020679314439533,2,Strong + Profitable
Stories Batroun,CHICKEN CAESAR SANDWICH,1.040403188188569,1.0002674372902771,2,Strong + Profitable
Stories Batroun,CARAMEL CREAM FRAPP SMALL,1.0178684424116249,1.0009753791154623,2,Strong + Profitable
Stories Bayada,ICED LATTE MEDIUM,1.2008075543625758,1.0000617754326755,2,Strong + Profitable
Stories Bayada,DOUBLE ESPRESSO,1.536379686425749,1.0034558633519182,2,Strong + Profitable
Stories Bayada,ICED LATTE SMALL,1.5199837991243854,1.0003335933756397,2,Strong + Profitable
Stories Bayada,BROWN TURKEY & CHEESE SUB,1.070903388475069,1.0000291542654345,2,Strong + Profitable
Stories Bayada,BROWN CHICKEN CAESAR SANDWICH,1.3286440962218575,1.0002536892535512,2,Strong + Profitable
Stories Bayada,CHOCOLATE ROLL LARGE,1.3167615331314606,1.0179351260733294,2,Strong + Profitable
Stories Bayada,ICED AMERICANO SMALL,2.06071926354938,1.000652293423017,1,Strong + Profitable
Stories Bayada,ICED LATTE LARGE,1.2209283556373434,1.0001966618105929,2,Strong + Profitable
Stories Bayada,ICED MATCHA LATTE SMALL,1.2939247104554947,1.0025510569317682,2,Strong + Profitable
Stories Bayada,FLAT WHITE,1.2844515445087983,1.0305519017531506,2,Strong + Profitable
Stories Bayada,OREO CREAM YOGHURT COMBO SMALL,1.1425004863181238,1.0008631182905858,2,Strong + Profitable
Stories Bayada,THYME CROISSANT,1.239454557790326,1.0035351289934202,2,Strong + Profitable
Stories Bayada,FREEZE DROPS STRAWBERRY,1.09524905220917,1.0002213001702405,2,Strong + Profitable
Stories Centro Mall,CARAMEL FRAPP SMALL,2.438218550904621,1.0022050336858828,1,Strong + Profitable
Stories Centro Mall,WHITE MOCHA SMALL,1.7275615430163107,1.0439404388018747,1,Strong + Profitable
Stories Centro Mall,STRAWBERRY CREAM FRAPP SMALL,2.5820227966016764,1.0361850841148001,1,Strong + Profitable
Stories Centro Mall,SIGNATURE HOT CHOCOLATE SMALL,1.7064050566767348,1.0133890528085836,1,Strong + Profitable
Stories Centro Mall,ICED WHITE MOCHA SMALL,1.6395229201469323,1.0023817698101374,1,Strong + Profitable
Stories Centro Mall,ADD SHOT,1.5118360548518175,1.0022550237675063,2,Strong + Profitable
Stories Centro Mall,CHOCOLATE CREAM FRAP SMALL,1.6528226672948814,1.003303323336872,1,Strong + Profitable
Stories Centro Mall,NY STYLE COOKIE - CHOCOLATE CHIP WALNUT,1.2456186365825677,1.0010243262533998,2,Strong + Profitable
Stories Centro Mall,MACARONS,2.052676727060157,1.0012168109803115,1,Strong + Profitable
Stories Centro Mall,ICED MOCHA SMALL,1.1584344332851124,1.0029972364207698,2,Strong + Profitable
Stories Event Starco,MANGO YOGHURT COMBO SMALL,2.0457743330003364,1.0142960773313017,1,Strong + Profitable
Stories Event Starco,WATER,2.5031343969533326,1.0122590043484916,1,Strong + Profitable
Stories Event Starco,CLASSIC HOT CHOC SMALL,11.37744921255489,1.0047606610690947,1,Strong + Profitable
Stories Event Starco,WHITE MOCHA SMALL,4.001241678343547,1.0868542550950364,1,Strong + Profitable
Stories Event Starco,CARAMEL FRAPP MEDIUM,2.11579685788826,1.004604154678254,1,Strong + Profitable
Stories Event Starco,LATTE SMALL,1.7280118040037498,1.0013333704188907,1,Strong + Profitable
Stories Event Starco,CAPPUCCINO SMALL,2.8993448326136804,1.0010448595053647,1,Strong + Profitable
Stories Event Starco,TIRAMISU CUP,2.5690485135489327,1.0000004702014549,1,Strong + Profitable
Stories Event Starco,ICED LATTE SMALL,1.684753494955257,1.000978181897287,1,Strong + Profitable
Stories Event Starco,LAZY CAKE,1.3311414530256516,1.0198461775376764,2,Strong + Profitable
Stories Event Starco,SPANISH LATTE SMALL,2.1801033165219392,1.0812212553606273,1,Strong + Profitable
Stories Event Starco,CAPPUCCINO MEDIUM,1.0902627520165287,1.0000011370948363,2,Strong + Profitable
Stories Event Starco,CARAMEL MACHIATO SMALL,2.138234146321079,1.0059218993180907,1,Strong + Profitable
Stories Event Starco,STRAWBERRY CREAM FRAPP SMALL,2.2136328946557478,1.0608295738070816,1,Strong + Profitable
Stories Event Starco,CHOCOLATE CREAM FRAPP MEDIUM,1.2738826215768118,1.0043672504012098,2,Strong + Profitable
Stories Event Starco,CARAMEL CREAM  FRAPP MEDIUM,1.0738403437169268,1.0024819634211668,2,Strong + Profitable
Stories Event Starco,MOCHA SMALL,1.5855438726324718,1.0162277204783297,2,Strong + Profitable
Stories Event Starco,VANILLA CREAM FRAPP MEDIUM,1.3717525155724963,1.014223014337957,2,Strong + Profitable
Stories Event Starco,ORANGE JUICE,1.2019788344574838,1.0000005577081814,2,Strong + Profitable
Stories Event Starco,POMEGRANATE JUICE,1.302026543834392,1.0028477866750465,2,Strong + Profitable
Stories Event Starco,APRICOT SABLE,1.3981889913082324,1.000304921737002,2,Strong + Profitable
Stories Event Starco,CHOCOLATE SALTED CAKE,1.007917630188883,1.0085284461466757,2,Strong + Profitable
Stories Event Starco,CHOCOLATE SABLE,1.1304508108245526,1.0014005107767139,2,Strong + Profitable
Stories Event Starco,HOT DOUBLE SHOT SMALL,1.0555674231469936,1.1341562282370694,2,Strong + Profitable
Stories Event Starco,RIM SPARKLING WATER-250 ML,1.0609206395844237,1.0353839577709836,2,Strong + Profitable
Stories Faqra,ORIGINAL YOGHURT COMBO SMALL,1.4649828531491225,1.017671552858329,2,Strong + Profitable
Stories Faqra,ICED WHITE MOCHA MEDIUM,2.852224366600342,1.0018530707635485,1,Strong + Profitable
Stories Faqra,ICED LATTE MEDIUM,1.3838380525363376,1.0113918338606165,2,Strong + Profitable
Stories Faqra,BLUEBERRY YOGHURT COMBO SMALL,1.1147524086188174,1.0252878224371365,2,Strong + Profitable
Stories Faqra,ICED SPANISH LATTE MEDIUM,1.9588507925986216,1.0082786608713115,1,Strong + Profitable
Stories Faqra,MANGO YOGHURT COMBO MEDIUM,1.4132112439000895,1.013728568389549,2,Strong + Profitable
Stories Faqra,ORIGINAL YOGHURT COMBO MEDIUM,1.3594060140882411,1.0347584051711536,2,Strong + Profitable
Stories Faqra,ICED CARAMEL MACCHIATO MEDIUM,1.9782086145786242,1.0050204501569246,1,Strong + Profitable
Stories Faqra,ICED MATCHA LATTE MEDIUM,1.3439384568264525,1.0289665007638302,2,Strong + Profitable
Stories Faqra,ICED SPANISH LATTE SMALL,2.8185096316759064,1.0206959485239029,1,Strong + Profitable
Stories Faqra,ICED WHITE MOCHA SMALL,2.4479801565805333,1.0041680866094738,1,Strong + Profitable
Stories Faqra,SPANISH LATTE MEDIUM,1.5495950822264126,1.0010015918326467,2,Strong + Profitable
Stories Faqra,SPANISH LATTE SMALL,1.9032235924002456,1.0701543922779473,1,Strong + Profitable
Stories Faqra,AMERICANO SMALL,1.2273041189415659,1.0056386304321363,2,Strong + Profitable
Stories Faqra,WHITE MOCHA LARGE,3.0519477617325763,1.0010622997641978,1,Strong + Profitable
Stories Faqra,ICED WHITE MOCHA LARGE,2.1844012984738894,1.0062474774003876,1,Strong + Profitable
Stories Faqra,DOUBLE SHOT SHAKEN MEDIUM,1.807072520328023,1.0073227297057896,1,Strong + Profitable
Stories Faqra,CARAMEL FRAPP SMALL,1.0251912109049286,1.0222225355765975,2,Strong + Profitable
Stories Faqra,CHOCOLATE CRUNCH,1.9020969257843228,1.044701979634911,1,Strong + Profitable
Stories Faqra,AMERICANO MEDIUM,1.3224295510073574,1.001078403776109,2,Strong + Profitable
Stories Faqra,ICED CARAMEL MACCHIATO SMALL,1.444019574308416,1.0053775664569367,2,Strong + Profitable
Stories Faqra,SIGNATURE HOT CHOCOLATE SMALL,1.1003613426485277,1.0192245849957455,2,Strong + Profitable
Stories Faqra,ICED MATCHA LATTE SMALL,1.2385188227344794,1.0264531329112834,2,Strong + Profitable
Stories Faqra,ICED LATTE LARGE,1.0554980906449578,1.0146463178633762,2,Strong + Profitable
Stories Faqra,ICED AMERICANO MEDIUM,1.1759416530534297,1.0097937723024322,2,Strong + Profitable
Stories Faqra,LOTUS YOGHURT COMBO MEDIUM,1.031070775215756,1.0080028403750045,2,Strong + Profitable
Stories Khaldeh,CLASSIC CINNAMON ROLL LARGE,1.4155338977148677,1.018931051423503,2,Strong + Profitable
Stories Khaldeh,CARAMEL FRAPP MEDIUM,1.8211953158720684,1.0014871853758756,1,Strong + Profitable
Stories Khaldeh,ICED SPANISH LATTE MEDIUM,1.246499712470969,1.0017986953625106,2,Strong + Profitable
Stories Khaldeh,ICED WHITE MOCHA MEDIUM,1.5034905906853202,1.000667849936494,2,Strong + Profitable
Stories Khaldeh,BLUEBERRY YOGHURT COMBO MEDIUM,1.1342241447808241,1.0029234803405216,2,Strong + Profitable
Stories Khaldeh,ICED CARAMEL MACCHIATO MEDIUM,1.4600894748078759,1.001344532394006,2,Strong + Profitable
Stories Khaldeh,WHITE MOCHA SMALL,1.3072950888491555,1.0447748724106463,2,Strong + Profitable
Stories Khaldeh,ICED MATCHA LATTE MEDIUM,1.0608558746364487,1.003710447506607,2,Strong + Profitable
Stories Khaldeh,SPANISH LATTE MEDIUM,1.433680648554674,1.001601187957343,2,Strong + Profitable
Stories Khaldeh,MOCHA FRAPP MEDIUM,1.6363520364577593,1.002170417379772,1,Strong + Profitable
Stories Khaldeh,TURKEY & CHEESE SUB,1.0091992236565808,1.0110128774420888,2,Strong + Profitable
Stories Khaldeh,DOUBLE SHOT SHAKEN MEDIUM,1.641104318811025,1.0001282714982422,1,Strong + Profitable
Stories Khaldeh,STRAWBERRY CREAM FRAPP MEDIUM,1.21640654489091,1.0024616777781226,2,Strong + Profitable
Stories Khaldeh,BROWN PESTO HALLOUMI SUB,1.1512395393683426,1.0094209854546516,2,Strong + Profitable
Stories Khaldeh,CARAMEL FRAPP LARGE,1.4987512727108334,1.0026929047179916,2,Strong + Profitable
Stories Khaldeh,CHOCOLATE CREAM FRAPP MEDIUM,1.3915914765522588,1.0009643005097306,2,Strong + Profitable
Stories Khaldeh,FLAT WHITE,1.4506267487274378,1.0116126723002001,2,Strong + Profitable
Stories Khaldeh,CARAMEL CREAM  FRAPP MEDIUM,1.2571149809780842,1.000491518605095,2,Strong + Profitable
Stories Khaldeh,ADD SHOT,1.3674920298047941,1.0104269881064052,2,Strong + Profitable
Stories Khaldeh,ICED WHITE MOCHA SMALL,1.2586798227827176,1.0069814885236763,2,Strong + Profitable
Stories Khaldeh,SPANISH LATTE SMALL,1.0856591938314861,1.007152294952712,2,Strong + Profitable
Stories Khaldeh,ICED LATTE LARGE,1.0634127442358345,1.001379989415112,2,Strong + Profitable
Stories Khaldeh,ICED MOCHA MEDIUM,1.1664843501449589,1.0015076472347952,2,Strong + Profitable
Stories Khaldeh,LATTE LARGE,1.337625119795635,1.003942066081811,2,Strong + Profitable
Stories Khaldeh,SIGNATURE HOT CHOCOLATE MEDIUM,1.0011428173782626,1.0019090311880872,2,Strong + Profitable
Stories Khaldeh,ICED WHITE MOCHA LARGE,1.183232400224624,1.0016180864093605,2,Strong + Profitable
Stories Khaldeh,BLUE NADE,1.2996974610723824,1.0015183453136227,2,Strong + Profitable
Stories Khaldeh,ICED MATCHA LATTE LARGE,1.326925880384231,1.0073135184683473,2,Strong + Profitable
Stories Khaldeh,DOUBLE CHOCOLATE MUFFIN,1.288837505109751,1.0021244117400376,2,Strong + Profitable
Stories Khaldeh,WHITE MOCHA FRAPP MEDIUM,1.600485890986773,1.0000011225725305,2,Strong + Profitable
Stories Khaldeh,PESTO HALLOUMI SUB,1.2211145177615232,1.0148979781144036,2,Strong + Profitable
Stories Khaldeh,BROWN TUNA SUB,1.026614019472315,1.0009693315258448,2,Strong + Profitable
Stories Khaldeh,BLUEBERRY MUFFIN,1.0214156388589737,1.0016216493695294,2,Strong + Profitable
Stories Khaldeh,HOT DOUBLE SHOT MEDIUM,1.0329838913238742,1.000088036961525,2,Strong + Profitable
Stories LAU,ORIGINAL YOGHURT COMBO MEDIUM,2.384362056217491,1.0098503540201722,1,Strong + Profitable
Stories LAU,MANGO YOGHURT COMBO MEDIUM,1.572782431484168,1.0101185716942431,2,Strong + Profitable
Stories LAU,ICED SPANISH LATTE MEDIUM,1.3951454251336246,1.0027997119337828,2,Strong + Profitable
Stories LAU,TURKEY & CHEESE SUB,1.8189373611954331,1.0036415879707619,1,Strong + Profitable
Stories LAU,ICED MATCHA LATTE MEDIUM,1.469838277902504,1.0090678941746318,2,Strong + Profitable
Stories LAU,CHOCOLATE YOGHURT COMBO MEDIUM,1.4746466058860925,1.0074538845886127,2,Strong + Profitable
Stories LAU,ICED LATTE SMALL,1.21355058129246,1.0034939878622802,2,Strong + Profitable
Stories LAU,CARAMEL FRAPP SMALL,1.4828216879321263,1.0154972596958707,2,Strong + Profitable
Stories LAU,ICED CARAMEL MACCHIATO MEDIUM,1.1842399391110325,1.0052855456839982,2,Strong + Profitable
Stories LAU,LOTUS YOGHURT COMBO SMALL,1.0201095764297456,1.0194128824660347,2,Strong + Profitable
Stories LAU,ORIGINAL YOGHURT COMBO X-LARGE,2.1209981440980568,1.0269550042265094,1,Strong + Profitable
Stories LAU,MANGO YOGHURT COMBO X-LARGE,2.1900317099880935,1.024209452010968,1,Strong + Profitable
Stories LAU,ICED MATCHA LATTE SMALL,1.684668619033327,1.0072595303829637,1,Strong + Profitable
Stories LAU,CARAMEL MACHIATO MEDIUM,1.254952758440012,1.0066503462259082,2,Strong + Profitable
Stories LAU,CHOCOLATE CRUNCH,1.8531732907888827,1.0054874336648487,1,Strong + Profitable
Stories LAU,TUNA SUB,1.788300989159898,1.0118964872144265,1,Strong + Profitable
Stories LAU,DOUBLE SHOT SHAKEN MEDIUM,1.3244188992583286,1.0103737670472392,2,Strong + Profitable
Stories LAU,LATTE LARGE,1.6607160972423993,1.0212090909329916,1,Strong + Profitable
Stories LAU,AMERICANO MEDIUM,1.0081264532281773,1.0111100379498161,2,Strong + Profitable
Stories LAU,ORIGINAL YOGHURT SMALL,1.2442301425623152,1.0159948375689425,2,Strong + Profitable
Stories LAU,PISTACHIO CRUNCH,1.5066250863168182,1.0591631598706726,2,Strong + Profitable
Stories LAU,CARAMEL FRAPP LARGE,1.1430573383792364,1.0146707289280577,2,Strong + Profitable
Stories LAU,CARAMEL CREAM FRAPP SMALL,1.3901157869105225,1.0047694954556972,2,Strong + Profitable
Stories LAU,ICED MATCHA LATTE LARGE,1.3499658195831723,1.0158992809499936,2,Strong + Profitable
Stories LAU,PESTO HALLOUMI SUB,1.357856942670578,1.0338973005359453,2,Strong + Profitable
Stories LAU,MOCHA FRAPP SMALL,1.1007509748704336,1.0139638701380298,2,Strong + Profitable
Stories Le Mall,MANGO YOGHURT COMBO SMALL,1.525564267572162,1.002363683706539,2,Strong + Profitable
Stories Le Mall,CHOCOLATE YOGHURT COMBO SMALL,1.7818622481072075,1.004026848067342,1,Strong + Profitable
Stories Le Mall,BLUEBERRY YOGHURT COMBO SMALL,1.3924330711818236,1.0024330676168574,2,Strong + Profitable
Stories Le Mall,CLASSIC CINNAMON ROLL LARGE,1.1333425944657816,1.0151845010576661,2,Strong + Profitable
Stories Le Mall,DOUBLE ESPRESSO,1.1534002211787697,1.0011976976070878,2,Strong + Profitable
Stories Le Mall,CHOCOLATE ROLL LARGE,1.8222443118581129,1.018021504233069,1,Strong + Profitable
Stories Le Mall,ICED SPANISH LATTE SMALL,1.0270390816138317,1.0124823300801746,2,Strong + Profitable
Stories Le Mall,PISTACHIO YOGHURT COMBO SMALL,1.4475053812139085,1.0474591387359071,2,Strong + Profitable
Stories Le Mall,LOTUS SPREAD YOGHURT COMBO SMALL,1.0471017795092148,1.0072199770426822,2,Strong + Profitable
Stories Mansourieh,ORIGINAL YOGHURT COMBO SMALL,1.2845944918880066,1.0142175969137097,2,Strong + Profitable
Stories Mansourieh,CHOCOLATE YOGHURT COMBO SMALL,1.2786082240371388,1.0147451190538064,2,Strong + Profitable
Stories Mansourieh,WATER,1.1252835462835298,1.012274576171634,2,Strong + Profitable
Stories Mansourieh,LOTUS YOGHURT COMBO SMALL,2.399955920597294,1.03255080186349,1,Strong + Profitable
Stories Mansourieh,ORIGINAL YOGHURT COMBO MEDIUM,1.2220840644713955,1.0023208001878747,2,Strong + Profitable
Stories Mansourieh,CHOCOLATE YOGHURT COMBO MEDIUM,1.5191375487186398,1.00174560896872,2,Strong + Profitable
Stories Mansourieh,BLUEBERRY YOGHURT COMBO MEDIUM,1.1063092598245237,1.0000046094100836,2,Strong + Profitable
Stories Mansourieh,LOTUS YOGHURT COMBO MEDIUM,3.1443638101301072,1.000245587023938,1,Strong + Profitable
Stories Mansourieh,ICED LATTE SMALL,1.1078725418131692,1.0026769943868015,2,Strong + Profitable
Stories Mansourieh,LAZY CAKE,1.1122422336799263,1.0225115568704166,2,Strong + Profitable
Stories Mansourieh,AMERICANO SMALL,1.1247646782879575,1.0056693052303771,2,Strong + Profitable
Stories Mansourieh,AMERICANO MEDIUM,1.5007736632634083,1.0060047917857156,2,Strong + Profitable
Stories Mansourieh,BLACK COFFEE MEDIUM,1.0042417462982338,1.0016858109541782,2,Strong + Profitable
Stories Mansourieh,CHOCOLATE ROLL LARGE,1.559446740782878,1.0370553712629709,2,Strong + Profitable
Stories Mansourieh,CHOCOLATE CROISSANT,1.4009702124762948,1.0111889937815277,2,Strong + Profitable
Stories Mansourieh,FONDANT AU CHOCOLAT,1.3495010000918164,1.0275624750564292,2,Strong + Profitable
Stories Mansourieh,ICED MATCHA LATTE LARGE,1.8241425199584083,1.005275890721876,1,Strong + Profitable
Stories Mansourieh,MOCHA MEDIUM,1.208054466565586,1.001772989487408,2,Strong + Profitable
Stories Mansourieh,ICED AMERICANO MEDIUM,1.3406432158385724,1.0004409183833394,2,Strong + Profitable
Stories Mansourieh,ICED MOCHA MEDIUM,1.239207458668357,1.0001645439880293,2,Strong + Profitable
Stories Mansourieh,ICED LATTE LARGE,1.0682123815709164,1.0021336526982227,2,Strong + Profitable
Stories Mansourieh,SIGNATURE HOT CHOCOLATE MEDIUM,1.055849280810663,1.0025788278827368,2,Strong + Profitable
Stories Mansourieh,ICED WHITE MOCHA LARGE,1.1979236694214224,1.0002554058752378,2,Strong + Profitable
Stories Mansourieh,POMEGRANATE YOGHURT COMBO MEDIUM,1.0313252488729903,1.0035801267210558,2,Strong + Profitable
Stories Mansourieh,ORANGE JUICE,1.143124019577883,1.0000940133541878,2,Strong + Profitable
Stories Mansourieh,ICED SALTED CARAMEL LATTE MEDIUM,1.3573271859541989,1.0038956655543185,2,Strong + Profitable
Stories Mansourieh,LATTE LARGE,1.03277565302849,1.0057248542624246,2,Strong + Profitable
Stories Mansourieh,PISTACHIO CRUNCH,1.0100701023720806,1.0606093424494127,2,Strong + Profitable
Stories Mansourieh,CHOCOLATE QUELLA,1.1241509889245824,1.0008807060008047,2,Strong + Profitable
Stories Ramlet El Bayda,WATER,1.2486921450091197,1.0027946211930558,2,Strong + Profitable
Stories Ramlet El Bayda,DOUBLE ESPRESSO,1.6459558640557634,1.003646096280415,1,Strong + Profitable
Stories Ramlet El Bayda,LATTE SMALL,1.0702508364618626,1.00130579343455,2,Strong + Profitable
Stories Ramlet El Bayda,ESPRESSO,1.9597596955722625,1.0003170299446793,1,Strong + Profitable
Stories Ramlet El Bayda,DOUBLE SHOT SHAKEN SMALL,1.2489146768320407,1.1165028737645482,2,Strong + Profitable
Stories Ramlet El Bayda,ICED PEACH TEA  MEDIUM,1.3076104775410737,1.0001991090022935,2,Strong + Profitable
Stories Saida,CLASSIC CINNAMON ROLL LARGE,1.4089808052030062,1.0139881710107659,2,Strong + Profitable
Stories Saida,POMEGRANATE YOGHURT COMBO SMALL,1.1985413004460592,1.0001023375217937,2,Strong + Profitable
Stories Saida,LOTUS YOGHURT COMBO SMALL,1.4278218879812905,1.0022766710438442,2,Strong + Profitable
Stories Saida,ICED CARAMEL MACCHIATO MEDIUM,1.286711262272003,1.000150649946609,2,Strong + Profitable
Stories Saida,CHOCOLATE YOGHURT COMBO MEDIUM,1.098521611744489,1.0022199095603974,2,Strong + Profitable
Stories Saida,SPANISH LATTE MEDIUM,1.3878989974482638,1.000372979986993,2,Strong + Profitable
Stories Saida,STRAWBERRY CREAM FRAPP MEDIUM,1.2797946388935058,1.0000469504309362,2,Strong + Profitable
Stories Saida,MOCHA FRAPP MEDIUM,1.268865472999699,1.0008421797542335,2,Strong + Profitable
Stories Saida,BLUE NADE,2.009316148598022,1.0000155125656272,1,Strong + Profitable
Stories Saida,VANILLA CREAM FRAPP MEDIUM,1.850970437792124,1.0030046773849068,1,Strong + Profitable
Stories Saida,BROWN PESTO HALLOUMI SUB,1.0531241945893248,1.0037855903067316,2,Strong + Profitable
Stories Saida,SIGNATURE HOT CHOCOLATE MEDIUM,1.2240568640252267,1.0005412913608596,2,Strong + Profitable
Stories Saida,CARAMEL MACHIATO SMALL,1.2608938420955758,1.0017440767038872,2,Strong + Profitable
Stories Saida,REPLACE 1 SHOT YIRGACHEFFE,1.5732735587514302,1.000163393557131,2,Strong + Profitable
Stories Saida,POMEGRANATE YOGHURT COMBO MEDIUM,1.0558921262906402,1.0043368776503137,2,Strong + Profitable
Stories Saida,LOTUS YOGHURT COMBO MEDIUM,1.0548555502564259,1.0023606198101784,2,Strong + Profitable
Stories Saida,PISTACHIO YOGHURT COMBO SMALL,1.0283417464496059,1.0108119291726951,2,Strong + Profitable
Stories Saida,PESTO HALLOUMI SUB,1.0938318068116144,1.017441763585287,2,Strong + Profitable
Stories Saida,ICED PEACH TEA  MEDIUM,1.003825408032439,1.0062849564123006,2,Strong + Profitable
Stories Saida,VANILLA CREAM FRAPP SMALL,1.0500182861302283,1.0014361256695314,2,Strong + Profitable
Stories Sour 2,MANGO YOGHURT COMBO SMALL,1.3761765086488862,1.0206142991581562,2,Strong + Profitable
Stories Sour 2,CARAMEL FRAPP MEDIUM,2.3588832896576912,1.0340081604992573,1,Strong + Profitable
Stories Sour 2,MANGO YOGHURT COMBO MEDIUM,1.7205400140553793,1.0244537347063243,1,Strong + Profitable
Stories Sour 2,BLUEBERRY YOGHURT COMBO SMALL,1.1617320330075205,1.026771420603062,2,Strong + Profitable
Stories Sour 2,CLASSIC CINNAMON ROLL LARGE,1.0212946596478527,1.0262549441192645,2,Strong + Profitable
Stories Sour 2,CARAMEL FRAPP SMALL,2.502783556057125,1.027231712784586,1,Strong + Profitable
Stories Sour 2,BLUEBERRY YOGHURT COMBO MEDIUM,1.631429479180095,1.0238554909203323,2,Strong + Profitable
Stories Sour 2,ICED WHITE MOCHA MEDIUM,1.645503678168069,1.0185097568198744,1,Strong + Profitable
Stories Sour 2,ICED MATCHA LATTE MEDIUM,1.6055669168728957,1.03356528360575,2,Strong + Profitable
Stories Sour 2,ESPRESSO,1.5039214439389,1.006837188843715,2,Strong + Profitable
Stories Sour 2,ICED LATTE SMALL,1.3070881878067413,1.013564268698178,2,Strong + Profitable
Stories Sour 2,STRAWBERRY CREAM FRAPP MEDIUM,2.0845322756220828,1.034381257597608,1,Strong + Profitable
Stories Sour 2,POMEGRANATE YOGHURT COMBO SMALL,1.007114341616323,1.0288584258949587,2,Strong + Profitable
Stories Sour 2,CHOCOLATE YOGHURT COMBO MEDIUM,1.125651586041364,1.0205215289055156,2,Strong + Profitable
Stories Sour 2,ICED CARAMEL MACCHIATO MEDIUM,1.183024341319249,1.0213684111102388,2,Strong + Profitable
Stories Sour 2,ADD SHOT,2.1163126217066774,1.0954767735919182,1,Strong + Profitable
Stories Sour 2,STRAWBERRY CREAM FRAPP SMALL,2.255935909016614,1.067440580127054,1,Strong + Profitable
Stories Sour 2,CHOCOLATE CREAM FRAPP MEDIUM,1.8552625158668528,1.032736416443719,1,Strong + Profitable
Stories Sour 2,CARAMEL CREAM  FRAPP MEDIUM,1.7772353415475235,1.0178229742423708,1,Strong + Profitable
Stories Sour 2,ICED MATCHA LATTE SMALL,1.8006578585778668,1.0050232316553112,1,Strong + Profitable
Stories Sour 2,NY STYLE COOKIE - CHOCOLATE CHIP WALNUT,1.3578495389034675,1.0186458851191729,2,Strong + Profitable
Stories Sour 2,ICED WHITE MOCHA SMALL,1.5343488731684605,1.0202771711940213,2,Strong + Profitable
Stories Sour 2,DOUBLE SHOT SHAKEN MEDIUM,1.4701620479090087,1.0216558536211156,2,Strong + Profitable
Stories Sour 2,CHOCOLATE CREAM FRAP SMALL,1.5923802901640176,1.033642553479358,2,Strong + Profitable
Stories Sour 2,ICED MATCHA LATTE LARGE,1.8939424370555442,1.0360734532936675,1,Strong + Profitable
Stories Sour 2,PISTACHIO CRUNCH,1.7040517275818081,1.2821484077358436,1,Strong + Profitable
Stories Sour 2,CARAMEL CREAM FRAPP SMALL,1.753965176570543,1.00985071138563,1,Strong + Profitable
Stories Sour 2,CHOCOLATE ROLL LARGE,1.1650857800445715,1.001567666976904,2,Strong + Profitable
Stories Sour 2,POMEGRANATE YOGHURT COMBO MEDIUM,1.3425657137521623,1.026873192231442,2,Strong + Profitable
Stories Sour 2,BROWNIES CAKE,1.6336885653291304,1.030649641130828,1,Strong + Profitable
Stories Sour 2,BLUEBERRY CHEESE CAKE,1.651070753275346,1.3273534378134557,1,Strong + Profitable
Stories Sour 2,BLUE NADE,1.6238194230000738,1.0320453731355599,2,Strong + Profitable
Stories Sour 2,CHOCOLATE CROISSANT,1.1374099168705054,1.0653481189705312,2,Strong + Profitable
Stories Sour 2,RED VELVET CAKE,1.4296621525263826,1.0974219146736055,2,Strong + Profitable
Stories Sour 2,LOTUS CHEESE CAKE,1.643667356142773,1.2275744802131614,1,Strong + Profitable
Stories Sour 2,CHOCOLATE CRUNCH,1.3004598768551898,1.0826563402924287,2,Strong + Profitable
Stories Sour 2,ICED CARAMEL MACCHIATO SMALL,1.003802335767603,1.0155765214507728,2,Strong + Profitable
Stories Sour 2,CARAMEL FRAPP LARGE,1.0440522948727482,1.0195292662013928,2,Strong + Profitable
Stories Sour 2,ICED MOCHA MEDIUM,1.0293358653944695,1.0232542904928137,2,Strong + Profitable
Stories Sour 2,VANILLA CREAM FRAPP MEDIUM,1.2050119904121266,1.0200380858173494,2,Strong + Profitable
Stories Sour 2,ICED PEACH TEA  MEDIUM,1.2062606610300426,1.0212768144008741,2,Strong + Profitable
Stories Sour 2,REPLACE COCONUT MEDIUM,1.3968076433023486,1.0771089239585703,2,Strong + Profitable
Stories Sour 2,MACARONS,1.2252824450502502,1.122358095340421,2,Strong + Profitable
Stories Sour 2,DOUBLE SHOT SHAKEN SMALL,1.0612594271021012,1.1052238813839428,2,Strong + Profitable
Stories Sour 2,VANILLA FRAPP MEDIUM,1.2537029017956558,1.0174476956358205,2,Strong + Profitable
Stories Sour 2,CARROT CAKE,1.1087468755316896,1.0325131502143294,2,Strong + Profitable
Stories Sour 2,WHITE MOCHA FRAPP MEDIUM,1.0410535607183,1.0177495293009635,2,Strong + Profitable
Stories Sour 2,ADD CARAMEL MEDIUM,1.0461157146505828,1.014950467829822,2,Strong + Profitable
Stories Verdun,ORIGINAL YOGHURT COMBO SMALL,1.3797343754581384,1.0015260999381075,2,Strong + Profitable
Stories Verdun,BLUEBERRY YOGHURT COMBO SMALL,1.3059291830401725,1.0018269317503334,2,Strong + Profitable
Stories Verdun,ORIGINAL YOGHURT COMBO MEDIUM,1.9456023172215542,1.024241991127928,1,Strong + Profitable
Stories Verdun,MANGO YOGHURT COMBO MEDIUM,1.4121602936844626,1.0172278316894026,2,Strong + Profitable
Stories Verdun,BLUEBERRY YOGHURT COMBO MEDIUM,1.6670639304282935,1.015995329000012,1,Strong + Profitable
Stories Verdun,LOTUS YOGHURT COMBO MEDIUM,3.9762413742587865,1.032007513661696,1,Strong + Profitable
Stories Verdun,WHITE MOCHA MEDIUM,1.4663436473845481,1.01885530508721,2,Strong + Profitable
Stories Verdun,CARAMEL FRAPP SMALL,1.8238013780159068,1.0274615086678565,1,Strong + Profitable
Stories Verdun,ICED LATTE SMALL,1.4039129601905695,1.0088439419748094,2,Strong + Profitable
Stories Verdun,ICED WHITE MOCHA MEDIUM,1.1374604982171252,1.0116162220036062,2,Strong + Profitable
Stories Verdun,ICED MATCHA LATTE MEDIUM,1.2334995242800506,1.0244613002460194,2,Strong + Profitable
Stories Verdun,AMERICANO SMALL,1.557120946286483,1.0138830744140384,2,Strong + Profitable
Stories Verdun,ICED MATCHA LATTE LARGE,3.243156414379585,1.0277321001556774,1,Strong + Profitable
Stories Verdun,CAPPUCCINO SMALL,1.1941571241261857,1.0092265201801371,2,Strong + Profitable
Stories Verdun,WHITE MOCHA SMALL,1.0750067575645297,1.0290719887242514,2,Strong + Profitable
Stories Verdun,ICED WHITE MOCHA SMALL,1.9837875463616164,1.008931577110714,1,Strong + Profitable
Stories Verdun,ICED CARAMEL MACCHIATO SMALL,1.8800124252697665,1.0066528201343028,1,Strong + Profitable
Stories Verdun,ICED LATTE LARGE,1.8129060908098389,1.0157272217583528,1,Strong + Profitable
Stories Verdun,ICED CARAMEL MACCHIATO MEDIUM,1.023436964069471,1.014561746951228,2,Strong + Profitable
Stories Verdun,FLAT WHITE,1.9045024806518085,1.0017397636866625,1,Strong + Profitable
Stories Verdun,CARAMEL FRAPP LARGE,1.839253875075197,1.0190450362026582,1,Strong + Profitable
Stories Verdun,MOCHA FRAPP MEDIUM,1.43580068707808,1.0214299251017203,2,Strong + Profitable
Stories Verdun,ADD SHOT,1.8361276927221628,1.0590444666850793,1,Strong + Profitable
Stories Verdun,ICED MATCHA LATTE SMALL,1.826917164807175,1.0259352781399453,1,Strong + Profitable
Stories Verdun,CHEESE CROISSANT,1.1391883235966935,1.02909504947456,2,Strong + Profitable
Stories Verdun,CARAMEL MACHIATO MEDIUM,1.3411732023340843,1.0198070231686502,2,Strong + Profitable
Stories Verdun,ORIGINAL YOGHURT COMBO X-LARGE,2.1806137992406365,1.0276206863630506,1,Strong + Profitable
Stories Verdun,DOUBLE SHOT SHAKEN MEDIUM,1.6054340897098682,1.0166686008793375,2,Strong + Profitable
Stories Verdun,LATTE LARGE,2.0590537058761123,1.0260528713954702,1,Strong + Profitable
Stories Verdun,AMERICANO MEDIUM,1.2305210298272438,1.0171076628405258,2,Strong + Profitable
Stories Verdun,CHOCOLATE CROISSANT,1.3505100177403717,1.0316942257169668,2,Strong + Profitable
Stories Verdun,BROWNIES CAKE,1.878140853772355,1.0184218990189158,1,Strong + Profitable
Stories Verdun,MANGO YOGHURT COMBO X-LARGE,1.9347018277629946,1.0222536774202446,1,Strong + Profitable
Stories Verdun,ORIGINAL YOGHURT SMALL,1.4801300618675777,1.0269673262970278,2,Strong + Profitable
Stories Verdun,CARAMEL MACHIATO SMALL,1.4807860053544046,1.0033180122175787,2,Strong + Profitable
Stories Verdun,WHITE MOCHA LARGE,2.0234903499199883,1.0227607367327185,1,Strong + Profitable
Stories Verdun,ICED SPANISH LATTE SMALL,1.1612375355031408,1.028138624324026,2,Strong + Profitable
Stories Verdun,NY STYLE COOKIE - CHOCOLATE CHIP WALNUT,1.0569261082268016,1.0145965040928113,2,Strong + Profitable
Stories Verdun,CHOCOLATE CRUNCH,1.3186974225407215,1.0630160368494548,2,Strong + Profitable
Stories Verdun,ICED CARAMEL MACCHIATO LARGE,1.7761553506062349,1.0171854202595028,1,Strong + Profitable
Stories Verdun,MOCHA FRAPP SMALL,1.814339132430845,1.0166136949833195,1,Strong + Profitable
Stories Verdun,STRAWBERRY CREAM FRAPP SMALL,1.1218244937951152,1.049117392184095,2,Strong + Profitable
Stories Verdun,ICED WHITE MOCHA LARGE,1.1268203137888406,1.014246707380674,2,Strong + Profitable
Stories Verdun,MANGO YOGHURT SMALL,1.6518082110035839,1.0199002933727013,1,Strong + Profitable
Stories Verdun,ICED SALTED CARAMEL LATTE MEDIUM,1.425442826928797,1.0198424641450898,2,Strong + Profitable
Stories Verdun,BLUEBERRY YOGHURT COMBO X-LARGE,1.5134198201839157,1.0196699332371606,2,Strong + Profitable
Stories Verdun,CHOCOLATE CREAM FRAP SMALL,1.01466949447133,1.015123415436818,2,Strong + Profitable
Stories Verdun,MOCHA FRAPP LARGE,1.1848052472103796,1.0270872118233632,2,Strong + Profitable
Stories Verdun,SALTED CARAMEL FRAPPE MEDIUM,1.165798448225847,1.0302708024319502,2,Strong + Profitable
Stories Verdun,CHOCOLATE QUELLA,1.464711947320866,1.018734901009821,2,Strong + Profitable
Stories Verdun,REPLACE ALMOND MEDIUM,1.1727038819366151,1.029762324662218,2,Strong + Profitable
Stories Verdun,CARAMEL CREAM FRAPP SMALL,1.049097903582628,1.0061501362408722,2,Strong + Profitable
Stories Verdun,COFFEE FRAPPE MEDIUM,1.591647981656089,1.021352480027865,2,Strong + Profitable
Stories Verdun,DOUBLE CHOCOLATE MUFFIN,1.038057105911151,1.0070933229375603,2,Strong + Profitable
Stories Verdun,ESPRESSO FRAPP MEDIUM,1.1962687343644216,1.0194244378002941,2,Strong + Profitable
Stories Verdun,WHITE MOCHA FRAPP MEDIUM,1.041008135939933,1.0167422009885556,2,Strong + Profitable
Stories Verdun,REPLACE ALMOND SMALL,1.084602654658049,1.0286334323209654,2,Strong + Profitable
Stories Verdun,ESPRESSO FRAPP SMALL,1.0578306545098868,1.0196606485351847,2,Strong + Profitable
Stories Verdun,AMERICANO LARGE,1.0355021318483886,1.0220652889745088,2,Strong + Profitable
Stories Verdun,CAPPUCCINO LARGE,1.315943399755781,1.026542208843969,2,Strong + Profitable
Stories Zalka,BLACK COFFEE SMALL,1.7631546759255277,1.0031318968309113,1,Strong + Profitable
Stories Zalka,DOUBLE ESPRESSO,1.223602724803162,1.0028663693624038,2,Strong + Profitable
Stories Zalka,POMEGRANATE YOGHURT COMBO SMALL,1.0844016438370796,1.0016696631949278,2,Strong + Profitable
Stories Zalka,BROWN CHICKEN CAESAR SANDWICH,1.5737427200385743,1.009682286212009,2,Strong + Profitable
Stories Zalka,CHICKEN CAESAR SANDWICH,1.4094295139842519,1.006068432073822,2,Strong + Profitable
Stories Zalka,CHICKEN TERIAKI SUB,1.0688691037067894,1.0014236144286042,2,Strong + Profitable
Stories Zalka,TUNA PASTA SALAD (GRAB&GO),1.0475744447640196,1.000251733503651,2,Strong + Profitable
Stories Zalka,PESTO HALLOUMI SUB,1.0626587479777934,1.0010704738400336,2,Strong + Profitable
Stories Zalka,ORGANIC GREEN TEA MEDIUM,1.0314105759693724,1.0069510092569063,2,Strong + Profitable
Stories alay,CLASSIC CINNAMON ROLL LARGE,1.4323657501016358,1.012280341352611,2,Strong + Profitable
Stories alay,LAZY CAKE,1.650892100975626,1.0198458099491972,1,Strong + Profitable
Stories alay,AMERICANO SMALL,1.1007839736678227,1.0051370377302162,2,Strong + Profitable
Stories alay,CARAMEL MACHIATO MEDIUM,1.3691048272788697,1.0000000195457888,2,Strong + Profitable
Stories alay,FONDANT AU CHOCOLAT,1.3997268599166681,1.0205648573651929,2,Strong + Profitable
Stories alay,BLUEBERRY CHEESE CAKE,1.773942359923907,1.134854419338799,1,Strong + Profitable
Stories alay,SPANISH LATTE SMALL,1.0480833815693316,1.0407169932304383,2,Strong + Profitable
Stories alay,CHOCOLATE ROLL LARGE,1.0487926704369759,1.0210121593214707,2,Strong + Profitable
Stories alay,CLASSIC HOT CHOC SMALL,1.1834443603546272,1.0005032740703332,2,Strong + Profitable
Stories alay,CLASSIC HOT CHOC MEDIUM,1.2054648956162088,1.000000302301179,2,Strong + Profitable
Stories alay,FRAMBOISE CHEESE CAKE,1.1922820534656147,1.0760031132540293,2,Strong + Profitable
Stories alay,CHOCOLATE SALTED CAKE,1.0831404658883237,1.0085292225796831,2,Strong + Profitable
Stories alay,LOTUS CHEESE CAKE,1.2101349629198128,1.0581770942119826,2,Strong + Profitable
Stories alay,ECLAIR CHOCOLAT,1.0204574458039022,1.053032807775636,2,Strong + Profitable
Stories amioun,LATTE MEDIUM,1.6215357147298328,1.0002722772669144,2,Strong + Profitable
Stories amioun,WATER,1.2201505294919266,1.0122588590781167,2,Strong + Profitable
Stories amioun,DOUBLE ESPRESSO,1.4428810071102272,1.0038061100820463,2,Strong + Profitable
Stories amioun,CAPPUCCINO MEDIUM,1.6393959566256573,1.0000793950726081,1,Strong + Profitable
Stories amioun,LAZY CAKE,1.4809825505082057,1.0198457830089587,2,Strong + Profitable
Stories amioun,CHEESE CROISSANT,1.7100995901961582,1.0021227270096458,1,Strong + Profitable
Stories amioun,CAPPUCCINO SMALL,1.293827318585768,1.0007722416230036,2,Strong + Profitable
Stories amioun,MOCHA MEDIUM,1.9555151160579374,1.0003091930461034,1,Strong + Profitable
Stories amioun,FONDANT AU CHOCOLAT,1.5923138205547365,1.020564884154722,2,Strong + Profitable
Stories amioun,CARAMEL MACHIATO MEDIUM,1.08018459633853,1.0002615442017793,2,Strong + Profitable
Stories amioun,RED VELVET CAKE,1.511847937504425,1.0001578623972998,2,Strong + Profitable
Stories amioun,CHOCOLATE CROISSANT,1.132427490514737,1.0000000421766384,2,Strong + Profitable
Stories amioun,CHOCOLATE CREAM FRAPP MEDIUM,1.1009276229819527,1.0005870898477518,2,Strong + Profitable
Stories amioun,ECLAIR ORIGINAL,1.5556500023310358,1.0539465438990232,2,Strong + Profitable
Stories amioun,BLUEBERRY CHEESE CAKE,1.4477032028870764,1.134854159851545,2,Strong + Profitable
Stories amioun,ECLAIR CHOCOLAT,1.4994615151705142,1.0530325378815057,2,Strong + Profitable
Stories amioun,CHOCOLATE SABLE,1.3904967515726379,1.0014015724982328,2,Strong + Profitable
Stories amioun,MACARONS,1.3230772269116902,1.00432313034435,2,Strong + Profitable
Stories amioun,CHOCOLATE SALTED CAKE,1.1193215946580923,1.0091363403427112,2,Strong + Profitable
Stories amioun,LOTUS CHEESE CAKE,1.317622107619899,1.058177141661012,2,Strong + Profitable
Stories amioun,FRAMBOISE CHEESE CAKE,1.1312088671991656,1.0760038361861688,2,Strong + Profitable
Stories amioun,CLASSIC HOT CHOC MEDIUM,1.01048728231737,1.000000379046911,2,Strong + Profitable
Stories amioun,ENGLISH BREAKFAST TEA MEDIUM,1.2292669058079977,1.016843465615969,2,Strong + Profitable
Stories amioun,ORGANIC GREEN TEA MEDIUM,1.2086548451635828,1.0127857844978028,2,Strong + Profitable
Stories amioun,APRICOT SABLE,1.11170994785363,1.0003054922415304,2,Strong + Profitable
Stories jbeil,ORIGINAL YOGHURT COMBO SMALL,1.083941734138968,1.032565198184059,2,Strong + Profitable
Stories jbeil,WATER,1.5232727843571583,1.024533235522765,2,Strong + Profitable
Stories jbeil,ICED LATTE MEDIUM,1.2562864934513627,1.0194294099319556,2,Strong + Profitable
Stories jbeil,CHOCOLATE YOGHURT COMBO SMALL,1.0616931077342964,1.028835016165237,2,Strong + Profitable
Stories jbeil,LATTE SMALL,1.242755916554064,1.0210090906231784,2,Strong + Profitable
Stories jbeil,LATTE MEDIUM,1.06564825277671,1.0285588155965026,2,Strong + Profitable
Stories jbeil,BLACK COFFEE SMALL,1.776082049534067,1.047021033728213,1,Strong + Profitable
Stories jbeil,ICED SPANISH LATTE MEDIUM,1.3450815264879217,1.0212281113078752,2,Strong + Profitable
Stories jbeil,BROWN TURKEY & CHEESE SUB,1.4307556043846723,1.036653995611633,2,Strong + Profitable
Stories jbeil,ORIGINAL YOGHURT COMBO MEDIUM,1.0530155314555296,1.0305800271852954,2,Strong + Profitable
Stories jbeil,LOTUS YOGHURT COMBO SMALL,1.4877745353217868,1.069191574677573,2,Strong + Profitable
Stories jbeil,BLACK COFFEE MEDIUM,1.5272790154922338,1.0465669137540345,2,Strong + Profitable
Stories jbeil,TURKEY & CHEESE SUB,1.3071940102705664,1.0297764194501628,2,Strong + Profitable
Stories jbeil,ICED MATCHA LATTE MEDIUM,1.0636119742184214,1.0335653106380485,2,Strong + Profitable
Stories jbeil,ICED LATTE SMALL,1.1054153598592564,1.0136375433634013,2,Strong + Profitable
Stories jbeil,CAPPUCCINO SMALL,1.204063226323878,1.0196455440771017,2,Strong + Profitable
Stories jbeil,CAPPUCCINO MEDIUM,1.1167160015209148,1.0238987287688983,2,Strong + Profitable
Stories jbeil,CHOCOLATE YOGHURT COMBO MEDIUM,1.0421260883468388,1.020521485066097,2,Strong + Profitable
Stories jbeil,CHEESE CROISSANT,1.3249900792712181,1.067241175614281,2,Strong + Profitable
Stories jbeil,CHOCOLATE ROLL LARGE,1.7151800860948088,1.0555454138881966,1,Strong + Profitable
Stories jbeil,SPANISH LATTE MEDIUM,1.0035637674590894,1.0313610486430085,2,Strong + Profitable
Stories jbeil,LOTUS SPREAD YOGHURT COMBO SMALL,1.8277131525266275,1.0092645278681665,1,Strong + Profitable
Stories jbeil,BROWN PESTO HALLOUMI SUB,1.0774453997688769,1.0517738597048927,2,Strong + Profitable
Stories jbeil,LOTUS YOGHURT COMBO MEDIUM,1.70422870450781,1.0442611459498918,1,Strong + Profitable
Stories jbeil,BROWN CHICKEN CAESAR SANDWICH,1.2054589897503267,1.0292320392040502,2,Strong + Profitable
Stories jbeil,ICED AMERICANO MEDIUM,1.4951146153355483,1.018023624599701,2,Strong + Profitable
Stories jbeil,CHICKEN CAESAR SANDWICH,1.3055885714269824,1.0242867770256407,2,Strong + Profitable
Stories jbeil,FONDANT AU CHOCOLAT,1.1562333083260632,1.15995112549097,2,Strong + Profitable
Stories jbeil,MOCHA MEDIUM,1.184421536967301,1.0391746312991856,2,Strong + Profitable
Stories jbeil,CHOCOLATE CROISSANT,1.1239894615407164,1.0653480867263387,2,Strong + Profitable
Stories jbeil,ORANGE JUICE,1.377242719822346,1.063168095330124,2,Strong + Profitable
Stories jbeil,CLASSIC HOT CHOC SMALL,1.1535998122105025,1.012930822836025,2,Strong + Profitable
Stories jbeil,CHICKEN TERIAKI SUB,1.291283891478718,1.0458592522390593,2,Strong + Profitable
Stories jbeil,ECLAIR CHOCOLAT,1.4537945818452873,1.1515788849212705,2,Strong + Profitable
Stories jbeil,ICED LATTE LARGE,1.0038452361813621,1.0195778155937874,2,Strong + Profitable
Stories jbeil,COLD BREW BOTTLE,1.1925896681906958,1.1086101664555303,2,Strong + Profitable
Stories jbeil,CLASSIC HOT CHOC MEDIUM,1.0400431268385786,1.0322268170426314,2,Strong + Profitable
Stories jbeil,LATTE LARGE,1.0583614531435241,1.030318609939691,2,Strong + Profitable
Stories jbeil,ECLAIR ORIGINAL,1.1182313132037809,1.1520265483690562,2,Strong + Profitable
Stories jbeil,MOCHA SMALL,1.1583064639326648,1.0062323040419208,2,Strong + Profitable
Stories jbeil,BLACK COFFEE LARGE,1.0960729110145055,1.0511973449786218,2,Strong + Profitable
Stories jbeil,SAN BENEDETTO LEMON 330ML/24,1.0064674168662895,1.0340807035614046,2,Strong + Profitable
Stories jbeil,CHOCOLATE SABLE,1.0976212459375585,1.09934781977032,2,Strong + Profitable
Stories jbeil,THYME CROISSANT,1.0914890297985373,1.037163254720795,2,Strong + Profitable
Stories jbeil,SAN BENEDETTO CLEMENTINE 330ML/24,1.0651441474056234,1.0341097309017206,2,Strong + Profitable
Stories jbeil,ALMOND CROISSANT,1.0396028887043585,1.0746373245880732,2,Strong + Profitable
Stories jbeil,LOTUS CHEESE CAKE,1.012029597914556,1.2275746875722677,2,Strong + Profitable
Stories jbeil,ICED AMERICANO SMALL,1.0209074848871613,1.014986459614991,2,Strong + Profitable
Stories kaslik,ORIGINAL YOGHURT COMBO SMALL,1.238809896879916,1.0031964574935128,2,Strong + Profitable
Stories kaslik,BLUEBERRY YOGHURT COMBO SMALL,1.25529889968908,1.0050693270261741,2,Strong + Profitable
Stories kaslik,LATTE MEDIUM,1.380011451443094,1.003237979111119,2,Strong + Profitable
Stories kaslik,WATER,1.104909006991421,1.0122875749088018,2,Strong + Profitable
Stories kaslik,BLACK COFFEE SMALL,1.537383469757751,1.0266768098871994,2,Strong + Profitable
Stories kaslik,TURKEY & CHEESE SUB,1.685663359346358,1.0006138728717582,1,Strong + Profitable
Stories kaslik,ICED MATCHA LATTE MEDIUM,1.2551244935754067,1.0005803145037724,2,Strong + Profitable
Stories kaslik,ICED LATTE SMALL,1.3678819618536755,1.001494830322386,2,Strong + Profitable
Stories kaslik,CAPPUCCINO SMALL,1.5439263720857825,1.0026391547297502,2,Strong + Profitable
Stories kaslik,CHEESE CROISSANT,1.8033036594436638,1.0078308594013492,1,Strong + Profitable
Stories kaslik,CHOCOLATE YOGHURT COMBO MEDIUM,1.2828870603194886,1.0002374423825644,2,Strong + Profitable
Stories kaslik,LAZY CAKE,1.2416911342759156,1.0243845569314678,2,Strong + Profitable
Stories kaslik,CHOCOLATE CROISSANT,2.077104054396492,1.01156880656681,1,Strong + Profitable
Stories kaslik,TIRAMISU CUP,1.5370208145387927,1.0010210250213651,2,Strong + Profitable
Stories kaslik,CAPPUCCINO MEDIUM,1.1212484941443188,1.0024124090560285,2,Strong + Profitable
Stories kaslik,BLACK COFFEE MEDIUM,1.0632676499376943,1.0095207337485463,2,Strong + Profitable
Stories kaslik,SPANISH LATTE MEDIUM,1.0594671422572606,1.0026016894175434,2,Strong + Profitable
Stories kaslik,ICED LATTE LARGE,1.2489135509237603,1.0007855982915497,2,Strong + Profitable
Stories kaslik,LATTE LARGE,1.6330648589470613,1.006006448721256,1,Strong + Profitable
Stories kaslik,ICED MATCHA LATTE LARGE,1.7250726685572142,1.006599793939326,1,Strong + Profitable
Stories kaslik,MOCHA MEDIUM,1.0914586700814295,1.0043552384894654,2,Strong + Profitable
Stories kaslik,ICED AMERICANO MEDIUM,1.12061457478394,1.0001240821188588,2,Strong + Profitable
Stories kaslik,DOUBLE CHOCOLATE MUFFIN,1.3242810633967066,1.000407739780223,2,Strong + Profitable
Stories kaslik,RED VELVET CAKE,1.1250169161089751,1.0115345257815254,2,Strong + Profitable
Stories kaslik,MOCHA SMALL,1.156015486841229,1.0110539928215536,2,Strong + Profitable
Stories kaslik,ORIGINAL YOGHURT COMBO X-LARGE,1.0219066628255673,1.0092395686997193,2,Strong + Profitable
Stories kaslik,ECLAIR ORIGINAL,1.0657984283786244,1.053442032027669,2,Strong + Profitable
Stories kaslik,CHOCOLATE SABLE,1.146446373647789,1.003694923415569,2,Strong + Profitable
Stories kaslik,MACARONS,1.0854593162198307,1.0107265279001179,2,Strong + Profitable
Stories kaslik,CARAMEL MACCHIATO LARGE,1.3329765521446173,1.0227280173569275,2,Strong + Profitable
Stories kaslik,LOTUS CHEESE CAKE,1.0372593471688047,1.065270220808421,2,Strong + Profitable
Stories kaslik,TOFFEE NUT LATTE MEDIUM,1.1354318985604444,1.0042728577858027,2,Strong + Profitable
Stories kaslik,CHOCOLATE QUELLA,1.1078593165739734,1.00065335300422,2,Strong + Profitable
Stories kaslik,SPECIALITY COFFEE ST BITES,1.3915670520611516,1.0000001194497947,2,Strong + Profitable
Stories raouche,LATTE MEDIUM,1.4140796812941154,1.0074645560485669,2,Strong + Profitable
Stories raouche,WHITE MOCHA MEDIUM,2.2767869048022638,1.0068951638031822,1,Strong + Profitable
Stories raouche,LATTE SMALL,1.1969787367051752,1.0005824417884588,2,Strong + Profitable
Stories raouche,CARAMEL FRAPP MEDIUM,1.1713063828963322,1.0056970381955619,2,Strong + Profitable
Stories raouche,ICED SPANISH LATTE MEDIUM,1.068121228362418,1.0008857778301679,2,Strong + Profitable
Stories raouche,SIGNATURE HOT CHOCOLATE MEDIUM,3.082169391265874,1.0053272829136355,1,Strong + Profitable
Stories raouche,ORIGINAL YOGHURT COMBO MEDIUM,1.0114185693414017,1.0124194451937543,2,Strong + Profitable
Stories raouche,SPANISH LATTE MEDIUM,1.812472172734298,1.0049280521150288,1,Strong + Profitable
Stories raouche,ICED WHITE MOCHA MEDIUM,1.0464334158008914,1.0013250565432272,2,Strong + Profitable
Stories raouche,CAPPUCCINO SMALL,1.376579921913497,1.004956850175557,2,Strong + Profitable
Stories raouche,CAPPUCCINO MEDIUM,1.2866802087985159,1.0052060669230942,2,Strong + Profitable
Stories raouche,LAZY CAKE,1.3354250585019292,1.0235037541715304,2,Strong + Profitable
Stories raouche,SPANISH LATTE SMALL,1.9921694540478985,1.0589358874719055,1,Strong + Profitable
Stories raouche,CHOCOLATE YOGHURT COMBO MEDIUM,1.1175676830431134,1.003793703715675,2,Strong + Profitable
Stories raouche,TIRAMISU CUP,1.4940419003229055,1.0013004488385007,2,Strong + Profitable
Stories raouche,CARAMEL MACHIATO MEDIUM,1.5712863485714978,1.0107923351814407,2,Strong + Profitable
Stories raouche,CHEESE CROISSANT,1.2570139337169437,1.0172334919926924,2,Strong + Profitable
Stories raouche,LATTE LARGE,2.125915147077028,1.0121373836142593,1,Strong + Profitable
Stories raouche,CARAMEL MACHIATO SMALL,1.752146573187002,1.004797392584294,1,Strong + Profitable
Stories raouche,RED CINNAMON ROLL,2.0948608077549347,1.0035896178100208,1,Strong + Profitable
Stories raouche,STRAWBERRY CREAM FRAPP MEDIUM,1.1989715238941272,1.0048502826087933,2,Strong + Profitable
Stories raouche,LOTUS SPREAD YOGHURT COMBO MEDIUM,1.316742231103903,1.0122944250747963,2,Strong + Profitable
Stories raouche,ICED SPANISH LATTE SMALL,1.2464548782758904,1.0052130316458985,2,Strong + Profitable
Stories raouche,SALTED CARAMEL LATTE MEDIUM,1.4600111889865586,1.0116323264018325,2,Strong + Profitable
Stories raouche,WHITE MOCHA LARGE,1.8649924111167746,1.0062557438360862,1,Strong + Profitable
Stories raouche,ICED LATTE LARGE,1.1464428854735509,1.0096041914705092,2,Strong + Profitable
Stories raouche,FONDANT AU CHOCOLAT,1.0966082313822176,1.0286717263424923,2,Strong + Profitable
Stories raouche,CHOCOLATE CROISSANT,1.0422147293792199,1.0256918300731237,2,Strong + Profitable
Stories raouche,MOCHA MEDIUM,1.062476035427023,1.004611262732273,2,Strong + Profitable
Stories raouche,CHOCOLATE QUELLA CRUNCH,1.0038804753213564,1.0587913012968744,2,Strong + Profitable
Stories raouche,DOUBLE CHOCOLATE MUFFIN,1.427283139185364,1.0008547408278388,2,Strong + Profitable
Stories raouche,RED VELVET CAKE,1.1361393373602042,1.009848217338949,2,Strong + Profitable
Stories raouche,ICED WHITE MOCHA LARGE,1.0969361626469032,1.003386629185913,2,Strong + Profitable
Stories raouche,TOFFEE NUT LATTE MEDIUM,1.4332385911564263,1.0188701793155026,2,Strong + Profitable
Stories raouche,TUNA PASTA SALAD (GRAB&GO),1.0163670666621814,1.0039401239504628,2,Strong + Profitable
Stories raouche,ICED MATCHA LATTE LARGE,1.1195922476584175,1.019374923253816,2,Strong + Profitable
Stories raouche,QUINOA SALAD (GRAB&GO),1.197664500189493,1.0014523164845341,2,Strong + Profitable
Stories raouche,BLUEBERRY CHEESE CAKE,1.0019951898182038,1.1486305200233078,2,Strong + Profitable
Stories raouche,SALTED CARAMEL LATTE SMALL,1.4165472401067967,1.019134649367493,2,Strong + Profitable
Stories raouche,MOCHA SMALL,1.0081343163754917,1.011178061004135,2,Strong + Profitable
Stories raouche,ICED SALTED CARAMEL LATTE MEDIUM,1.0285404220483723,1.0063860789478916,2,Strong + Profitable
Stories raouche,BLUEBERRY MUFFIN,1.0103785381098578,1.0067830881274793,2,Strong + Profitable
Stories raouche,MATCHA LATTE MEDIUM,1.0125859675582443,1.0127338703310382,2,Strong + Profitable
Stories raouche,MATCHA LATTE SMALL,1.1491123569312245,1.0160832478164088,2,Strong + Profitable
Stories sin el fil,ORIGINAL YOGHURT COMBO SMALL,1.1216409739902065,1.0048737458352004,2,Strong + Profitable
Stories sin el fil,LATTE MEDIUM,1.3929188842430802,1.0000000116027983,2,Strong + Profitable
Stories sin el fil,WATER,1.0227646905868388,1.0122588738219522,2,Strong + Profitable
Stories sin el fil,CHOCOLATE YOGHURT COMBO SMALL,1.0316316955233975,1.0019623754650715,2,Strong + Profitable
Stories sin el fil,BLACK COFFEE SMALL,1.3231448120449207,1.01569106356572,2,Strong + Profitable
Stories sin el fil,BLACK COFFEE MEDIUM,1.315485565996331,1.0050918739360686,2,Strong + Profitable
Stories sin el fil,WHITE MOCHA MEDIUM,1.043685348407694,1.0000002825075571,2,Strong + Profitable
Stories sin el fil,CHEESE CROISSANT,1.0748987671676153,1.0017769989893626,2,Strong + Profitable
Stories sin el fil,COLD BREW BOTTLE,1.7752124191027767,1.0098472669089182,1,Strong + Profitable
Stories sin el fil,MOCHA MEDIUM,1.1352305427383291,1.0000792584898255,2,Strong + Profitable
Stories sin el fil,TOFFEE NUT LATTE MEDIUM,1.7458806684612127,1.0002684567540645,1,Strong + Profitable
Stories sin el fil,RIM SPARKLING WATER-250 ML,1.486561560194892,1.0354642267260088,2,Strong + Profitable
Stories sin el fil,REPLACE ALMOND MEDIUM,1.1210853699589203,1.0000000519032886,2,Strong + Profitable
Stories.,CARAMEL FRAPP SMALL,2.9957147911606965,1.0063418814244687,1,Strong + Profitable
Stories.,BLUEBERRY YOGHURT COMBO MEDIUM,1.534616390386579,1.002628106640133,2,Strong + Profitable
Stories.,ICED WHITE MOCHA MEDIUM,1.2880243807147667,1.0003328840517587,2,Strong + Profitable
Stories.,STRAWBERRY CREAM FRAPP SMALL,2.7161996756578435,1.0360485960599908,1,Strong + Profitable
Stories.,CHOCOLATE CREAM FRAP SMALL,1.745890284144177,1.0079158721697785,1,Strong + Profitable
Stories.,POMEGRANATE YOGHURT COMBO MEDIUM,1.552239111306466,1.0026193318080174,2,Strong + Profitable
Stories.,CARAMEL CREAM FRAPP SMALL,1.85953756614529,1.0070835383117356,1,Strong + Profitable
Stories.,ICED WHITE MOCHA SMALL,1.3623330488203433,1.0176245812589664,2,Strong + Profitable
Stories.,MOCHA FRAPP MEDIUM,1.0804850587999195,1.005761560925489,2,Strong + Profitable
Stories.,NY STYLE COOKIE - CHOCOLATE CHIP WALNUT,1.117875100169098,1.0186458812563512,2,Strong + Profitable
Stories.,VANILLA CREAM FRAPP MEDIUM,1.6151158989126009,1.0104334964215813,2,Strong + Profitable
Stories.,SIGNATURE HOT CHOCOLATE SMALL,1.0955075718585934,1.0012017774817155,2,Strong + Profitable
Stories.,FREEZE DROPS STRAWBERRY,1.8667874148968138,1.0056377455263747,1,Strong + Profitable
Stories.,CARAMEL FRAPP LARGE,1.1696139523785618,1.0100733071498063,2,Strong + Profitable
Stories.,DOUBLE SHOT SHAKEN MEDIUM,1.0142165484779908,1.0054034132239578,2,Strong + Profitable
Stories.,ICED MOCHA MEDIUM,1.1059091321792978,1.0007841475776664,2,Strong + Profitable
Stories.,VANILLA FRAPP MEDIUM,1.3394847064061326,1.010469627794239,2,Strong + Profitable
Stories.,VANILLA CREAM FRAPP SMALL,1.3131210470732881,1.0072800327528777,2,Strong + Profitable
Stories.,HOT DOUBLE SHOT MEDIUM,1.0728159106212958,1.000185051509801,2,Strong + Profitable
Stories.,CARROT CAKE,1.0099711306065646,1.0325134222115708,2,Strong + Profitable
