Branch,Item,Item Share Deviation Ratio,Item Margin Deviation Ratio,Cluster,Category
Stories - Bir Hasan,MANGO YOGHURT COMBO SMALL,1.0,1.0,2,Weak + Low Profit
Stories - Bir Hasan,WATER,0.6854174342489371,0.9975786284177265,0,Weak + Low Profit
Stories - Bir Hasan,BLUEBERRY YOGHURT COMBO SMALL,0.5372604406169625,0.9980844812258695,0,Weak + Low Profit
Stories - Bir Hasan,ICED LATTE SMALL,0.9479682984272364,0.9628211770478192,0,Weak + Low Profit
Stories - Bir Hasan,LAZY CAKE,0.7455462450253483,1.0,0,Weak + Low Profit
Stories - Bir Hasan,LOTUS YOGHURT COMBO SMALL,0.525632784900495,0.9977233289561558,0,Weak + Low Profit
Stories - Bir Hasan,BLACK COFFEE SMALL,0.35590472608028606,0.993908184984414,0,Weak + Low Profit
Stories - Bir Hasan,LOTUS SPREAD YOGHURT COMBO SMALL,0.9528982204907854,0.9890871712571347,0,Weak + Low Profit
Stories - Bir Hasan,FONDANT AU CHOCOLAT,0.6376504708191881,1.0,0,Weak + Low Profit
Stories - Bir Hasan,CHOCOLATE ROLL LARGE,0.6040417640674334,0.9682959550484398,0,Weak + Low Profit
Stories - Bir Hasan,BLUEBERRY CHEESE CAKE,0.8199801969558884,0.9981744248704505,0,Weak + Low Profit
Stories - Bir Hasan,MANGO YOGHURT SMALL,1.0,1.0187622876076294,2,Weak + Low Profit
Stories - Bir Hasan,MACARONS,0.7628474825527312,0.9999589748285905,0,Weak + Low Profit
Stories Ain El Mreisseh,ORIGINAL YOGHURT COMBO SMALL,0.8206716196032461,0.9982811011518908,0,Weak + Low Profit
Stories Ain El Mreisseh,WATER,0.9678678944619249,0.9972150287501255,2,Weak + Low Profit
Stories Ain El Mreisseh,ICED LATTE MEDIUM,0.8972606196309459,0.9998444366889233,0,Weak + Low Profit
Stories Ain El Mreisseh,LATTE SMALL,0.995039481413278,0.9973599352633559,2,Weak + Low Profit
Stories Ain El Mreisseh,MANGO YOGHURT COMBO MEDIUM,0.781686358644011,0.9982116873360858,0,Weak + Low Profit
Stories Ain El Mreisseh,BLACK COFFEE SMALL,1.0,1.0,2,Weak + Low Profit
Stories Ain El Mreisseh,ORIGINAL YOGHURT COMBO MEDIUM,0.6911715646231996,0.9977962279580317,0,Weak + Low Profit
Stories Ain El Mreisseh,ICED MATCHA LATTE MEDIUM,0.9232868309047413,0.9982159669305132,0,Weak + Low Profit
Stories Ain El Mreisseh,BLUEBERRY YOGHURT COMBO MEDIUM,0.7606631969884506,0.9985198673804296,0,Weak + Low Profit
Stories Ain El Mreisseh,ICED CARAMEL MACCHIATO MEDIUM,1.0,0.9989916169669941,2,Weak + Low Profit
Stories Ain El Mreisseh,BROWN TURKEY & CHEESE SUB,0.7507312261851657,0.9999708457345656,0,Weak + Low Profit
Stories Ain El Mreisseh,BLACK COFFEE MEDIUM,1.0,0.9951911745248582,2,Weak + Low Profit
Stories Ain El Mreisseh,CARAMEL FRAPP SMALL,1.0,1.0079429720363382,2,Weak + Low Profit
Stories Ain El Mreisseh,LAZY CAKE,0.8393692690027716,0.9696518147536987,0,Weak + Low Profit
Stories Ain El Mreisseh,ICED LATTE SMALL,0.6975609673459437,0.9942012597972028,0,Weak + Low Profit
Stories Ain El Mreisseh,AMERICANO SMALL,0.8132256656679216,1.0,0,Weak + Low Profit
Stories Ain El Mreisseh,CHEESE CROISSANT,0.9021144653444593,0.9836718698570819,0,Weak + Low Profit
Stories Ain El Mreisseh,TURKEY & CHEESE SUB,0.6964663701806876,0.9975713556656385,0,Weak + Low Profit
Stories Ain El Mreisseh,AMERICANO MEDIUM,1.0,0.9988060475765136,2,Weak + Low Profit
Stories Ain El Mreisseh,CHOCOLATE YOGHURT COMBO MEDIUM,0.5945352365729636,0.9973002618333332,0,Weak + Low Profit
Stories Ain El Mreisseh,BROWN PESTO HALLOUMI SUB,0.8246038323821617,0.9971838532120965,0,Weak + Low Profit
Stories Ain El Mreisseh,POMEGRANATE YOGHURT COMBO MEDIUM,1.019004665250938,1.0,2,Weak + Low Profit
Stories Ain El Mreisseh,ICED MOCHA MEDIUM,0.9831502574595012,0.9996123191326074,2,Weak + Low Profit
Stories Ain El Mreisseh,CARAMEL FRAPP LARGE,0.9067001567266265,0.9989794918987509,0,Weak + Low Profit
Stories Ain El Mreisseh,ICED AMERICANO MEDIUM,0.9501757838700693,0.9998008639590212,0,Weak + Low Profit
Stories Ain El Mreisseh,ORANGE JUICE,0.9632672159714494,0.9972342563643519,2,Weak + Low Profit
Stories Ain El Mreisseh,CHOCOLATE CROISSANT,0.7414975341163641,0.9822563596533418,0,Weak + Low Profit
Stories Ain El Mreisseh,FONDANT AU CHOCOLAT,0.7516903994529095,0.9607433260366791,0,Weak + Low Profit
Stories Ain El Mreisseh,LATTE LARGE,0.9515845427108165,0.9987375915171727,0,Weak + Low Profit
Stories Ain El Mreisseh,ECLAIR CHOCOLAT,1.0,0.974543072731505,2,Weak + Low Profit
Stories Ain El Mreisseh,ECLAIR ORIGINAL,0.9626370765824208,0.974835253937932,2,Weak + Low Profit
Stories Ain El Mreisseh,DOUBLE CHOCOLATE MUFFIN,0.9443681807469813,0.9988523388029529,0,Weak + Low Profit
Stories Ain El Mreisseh,PISTACHIO CRUNCH,0.8571722891728892,0.9645619198123947,0,Weak + Low Profit
Stories Ain El Mreisseh,ICED LATTE LARGE,0.6629680787634592,0.9987760670071553,0,Weak + Low Profit
Stories Ain El Mreisseh,LOTUS CHEESE CAKE,0.9704175504187139,0.9069793940250324,2,Weak + Low Profit
Stories Ain El Mreisseh,RED VELVET CAKE,0.7650670112306235,0.9992749443461384,0,Weak + Low Profit
Stories Ain El Mreisseh,HOT DOUBLE SHOT MEDIUM,0.9670161086761258,0.9990503537710854,2,Weak + Low Profit
Stories Ain El Mreisseh,ESPRESSO FRAPP MEDIUM,1.0,0.9975512046647915,2,Weak + Low Profit
Stories Ain El Mreisseh,LOTUS YOGHURT COMBO MEDIUM,0.7495076409407732,0.9982051591510582,0,Weak + Low Profit
Stories Ain El Mreisseh,CHOCOLATE SABLE,0.886474734470072,0.987878419096232,0,Weak + Low Profit
Stories Ain El Mreisseh,CHOCOLATE CRUNCH,0.6990045041274551,0.9865712191705913,0,Weak + Low Profit
Stories Ain El Mreisseh,TOFFEE NUT LATTE MEDIUM,1.0,0.995493988325548,2,Weak + Low Profit
Stories Ain El Mreisseh,CHOCOLATE QUELLA,0.9764040901579145,0.9930019541272179,2,Weak + Low Profit
Stories Ain El Mreisseh,FREEZE DROPS STRAWBERRY,0.9145148847864197,0.9992163359819067,0,Weak + Low Profit
Stories Ain El Mreisseh,ICED MATCHA LATTE LARGE,0.7975985569476622,0.9944551408724162,0,Weak + Low Profit
Stories Ain El Mreisseh,BROWNIES CAKE,0.7349120241748598,0.9870397843670998,0,Weak + Low Profit
Stories Ain El Mreisseh,FRAMBOISE CHEESE CAKE,0.7094395818249244,0.9041113859107509,0,Weak + Low Profit
Stories Ain El Mreisseh,MATCHA LATTE MEDIUM,0.9111181211974537,0.9932982675088062,0,Weak + Low Profit
Stories Ain El Mreisseh,WHITE MOCHA FRAPP MEDIUM,0.9328017668668107,0.9986709337380891,0,Weak + Low Profit
Stories Airport,WATER,1.0,1.0122588829184724,2,Weak + Low Profit
Stories Airport,ICED SPANISH LATTE MEDIUM,0.9292552713241241,0.9975376031997677,0,Weak + Low Profit
Stories Airport,ORIGINAL YOGHURT COMBO MEDIUM,0.7098425340807296,0.9961758096928462,0,Weak + Low Profit
Stories Airport,ICED MATCHA LATTE MEDIUM,0.9355428446338978,0.9947013924170778,0,Weak + Low Profit
Stories Airport,ICED LATTE SMALL,0.8422939294815464,0.9998605002790324,0,Weak + Low Profit
Stories Airport,CARAMEL MACHIATO MEDIUM,1.1235356254579725,1.0,2,Weak + Low Profit
Stories Airport,SPANISH LATTE MEDIUM,0.9163920064123867,0.9995308329954287,0,Weak + Low Profit
Stories Airport,CAPPUCCINO MEDIUM,0.5766279256883999,1.0,0,Weak + Low Profit
Stories Airport,CAPPUCCINO SMALL,0.5727242927208815,1.0,0,Weak + Low Profit
Stories Airport,BROWN TURKEY & CHEESE SUB,0.4328210391306598,0.9928081500587076,0,Weak + Low Profit
Stories Airport,MOCHA MEDIUM,1.0,1.0000793662338505,2,Weak + Low Profit
Stories Airport,CHOCOLATE CREAM FRAPP LARGE,1.0,0.9863470677522826,2,Weak + Low Profit
Stories Airport,TURKEY & CHEESE SUB,0.47255696142378145,0.9909910863032861,0,Weak + Low Profit
Stories Airport,DOUBLE SHOT SHAKEN MEDIUM,0.8745489429831135,0.9931494516266355,0,Weak + Low Profit
Stories Airport,CLASSIC HOT CHOC MEDIUM,1.0,1.000000295530079,2,Weak + Low Profit
Stories Airport,FLAT WHITE,0.8242533613243561,0.98420336965963,0,Weak + Low Profit
Stories Airport,ORANGE JUICE,0.8819845080065539,0.9999999519355984,0,Weak + Low Profit
Stories Airport,POMEGRANATE YOGHURT COMBO MEDIUM,0.7754707711450052,0.9974695896480574,0,Weak + Low Profit
Stories Airport,ICED PEACH TEA LARGE,1.0,0.9956541255142587,2,Weak + Low Profit
Stories Airport,ICED MATCHA LATTE LARGE,0.9385420539020767,0.9932630112189823,0,Weak + Low Profit
Stories Airport,CARROT CAKE,0.9765814632734022,0.976533299506064,2,Weak + Low Profit
Stories Airport,BROWN PESTO HALLOUMI SUB,0.4896010289252562,0.9786815601766405,0,Weak + Low Profit
Stories Airport,TIRAMISU CUP,0.4265706032668597,0.999999913663643,0,Weak + Low Profit
Stories Airport,CARAMEL CREAM FRAPP SMALL,0.8136681599158504,0.9898026180807129,0,Weak + Low Profit
Stories Airport,BLUE NADE,0.7672222790731315,0.9982385308641172,0,Weak + Low Profit
Stories Airport,ESPRESSO FRAPP MEDIUM,0.969374649025689,0.9845077744709457,2,Weak + Low Profit
Stories Airport,BLUEBERRY MUFFIN,0.8967240732521035,0.9974217219344902,0,Weak + Low Profit
Stories Airport,ICED MATCHA LATTE SMALL,0.5490518575993187,0.9974446073344051,0,Weak + Low Profit
Stories Airport,TUNA PASTA SALAD (GRAB&GO),0.6310092408994009,0.9964053710122871,0,Weak + Low Profit
Stories Airport,MANGO YOGHURT COMBO X-LARGE,0.6688224565401001,0.989310959639336,0,Weak + Low Profit
Stories Airport,ORANGE CAKE,0.6849014236650885,0.9842533209116253,0,Weak + Low Profit
Stories Antelias,CLASSIC CINNAMON ROLL LARGE,0.8797133340377791,0.9902144513535512,0,Weak + Low Profit
Stories Antelias,CAPPUCCINO MEDIUM,1.0,1.009102830990935,2,Weak + Low Profit
Stories Antelias,BLACK COFFEE MEDIUM,0.7168663428512738,1.0,0,Weak + Low Profit
Stories Antelias,WHITE MOCHA SMALL,0.6245440417815326,0.9665678095029455,0,Weak + Low Profit
Stories Antelias,ICED WHITE MOCHA SMALL,0.9049462754215816,0.9922209453851777,0,Weak + Low Profit
Stories Antelias,CARAMEL MACHIATO SMALL,0.9360650624026517,0.9975539626673775,0,Weak + Low Profit
Stories Antelias,SIGNATURE HOT CHOCOLATE SMALL,0.7968759530105846,0.9570089516445448,0,Weak + Low Profit
Stories Antelias,MOCHA MEDIUM,0.7742695764157838,1.0,0,Weak + Low Profit
Stories Antelias,LOTUS CHEESE CAKE,1.0,1.0015828934775894,2,Weak + Low Profit
Stories Antelias,ICED SALTED CARAMEL LATTE MEDIUM,1.0,1.0177875959536176,2,Weak + Low Profit
Stories Antelias,CHRISTMAS ORIGINAL ECLAIR,0.9892377271727649,0.9076250774930948,2,Weak + Low Profit
Stories Antelias,CHOCOLATE ROLL LARGE,0.5319995201409384,0.8832464763642467,0,Weak + Low Profit
Stories Batroun,ORIGINAL YOGHURT COMBO SMALL,0.988702170605901,0.9849160830159036,2,Weak + Low Profit
Stories Batroun,ICED LATTE MEDIUM,1.0727525377420666,1.0,2,Weak + Low Profit
Stories Batroun,MANGO YOGHURT COMBO SMALL,0.702835815809787,0.994323858140847,0,Weak + Low Profit
Stories Batroun,ICED SPANISH LATTE MEDIUM,1.2677531207978339,1.0,2,Weak + Low Profit
Stories Batroun,CHOCOLATE YOGHURT COMBO SMALL,0.732610288189073,1.0,0,Weak + Low Profit
Stories Batroun,BLUEBERRY YOGHURT COMBO SMALL,0.6008580856273144,0.9931481190021468,0,Weak + Low Profit
Stories Batroun,CLASSIC CINNAMON ROLL LARGE,0.62827757455587,0.9940004912867011,0,Weak + Low Profit
Stories Batroun,CARAMEL FRAPP MEDIUM,0.8564573503071956,0.9994679290710191,0,Weak + Low Profit
Stories Batroun,ORIGINAL YOGHURT COMBO MEDIUM,0.9859261965817699,0.9998246029927921,2,Weak + Low Profit
Stories Batroun,ESPRESSO,1.4476821295493834,1.0,2,Weak + Low Profit
Stories Batroun,ICED WHITE MOCHA MEDIUM,0.9490115012293887,0.999489744765106,0,Weak + Low Profit
Stories Batroun,MANGO YOGHURT COMBO MEDIUM,0.5842657223181816,0.9991743014817054,0,Weak + Low Profit
Stories Batroun,ICED MATCHA LATTE MEDIUM,0.8516848593395974,0.9984200824302414,0,Weak + Low Profit
Stories Batroun,LAZY CAKE,0.985540068718096,0.9810497959887514,2,Weak + Low Profit
Stories Batroun,ICED SPANISH LATTE SMALL,1.650130595529283,1.0,1,Weak + Low Profit
Stories Batroun,ICED CARAMEL MACCHIATO MEDIUM,0.953626189086482,0.9991668333529156,0,Weak + Low Profit
Stories Batroun,WHITE MOCHA MEDIUM,0.8141391419549312,0.9930344778524053,0,Weak + Low Profit
Stories Batroun,TURKEY & CHEESE SUB,0.8498873845911297,0.999942877585856,0,Weak + Low Profit
Stories Batroun,CARAMEL FRAPP SMALL,0.9050552606637765,0.9987512142279512,0,Weak + Low Profit
Stories Batroun,CHOCOLATE YOGHURT COMBO MEDIUM,0.6765571895514166,0.9987890368473654,0,Weak + Low Profit
Stories Batroun,BLUEBERRY YOGHURT COMBO MEDIUM,0.5073614543895754,0.9999953905899164,0,Weak + Low Profit
Stories Batroun,MOCHA FRAPP MEDIUM,0.9792707605981696,0.9994771522266128,2,Weak + Low Profit
Stories Batroun,CARAMEL MACHIATO MEDIUM,0.8461874477050617,0.993138798526737,0,Weak + Low Profit
Stories Batroun,CHOCOLATE CROISSANT,1.0,0.990900084909108,2,Weak + Low Profit
Stories Batroun,BROWN CHICKEN CAESAR SANDWICH,0.9610377373514505,0.9997463107464486,2,Weak + Low Profit
Stories Batroun,ICED CARAMEL MACCHIATO SMALL,1.0,0.9914674902391265,2,Weak + Low Profit
Stories Batroun,MOCHA MEDIUM,0.9864943796090004,0.9900966143032774,2,Weak + Low Profit
Stories Batroun,NY STYLE COOKIE - CHOCOLATE CHIP WALNUT,0.8438292701452016,0.9988104996048629,0,Weak + Low Profit
Stories Batroun,ICED WHITE MOCHA LARGE,0.9968821622920329,0.9991563206162802,2,Weak + Low Profit
Stories Batroun,CHOCOLATE ROLL LARGE,0.7507865036338112,0.9989526895130721,0,Weak + Low Profit
Stories Batroun,CARAMEL MACHIATO SMALL,0.8662449403875446,0.9688297351264702,0,Weak + Low Profit
Stories Batroun,CLASSIC HOT CHOC SMALL,0.8464001877894975,0.9928121706337251,0,Weak + Low Profit
Stories Batroun,CHOCOLATE CREAM FRAP SMALL,0.8803950885656846,0.9948237304358578,0,Weak + Low Profit
Stories Batroun,BLUEBERRY CHEESE CAKE,0.9887780788192506,0.9851559308358826,2,Weak + Low Profit
Stories Batroun,LATTE LARGE,0.9584211110913533,0.9999096396650982,2,Weak + Low Profit
Stories Batroun,PISTACHIO YOGHURT COMBO SMALL,0.9716582535503943,0.9910516658388372,2,Weak + Low Profit
Stories Batroun,ECLAIR ORIGINAL,0.991175096031483,0.9744874470097101,2,Weak + Low Profit
Stories Batroun,CLASSIC HOT CHOC MEDIUM,0.8392613615342113,0.997950686961563,0,Weak + Low Profit
Stories Batroun,PESTO HALLOUMI SUB,0.9373412520222065,1.0,0,Weak + Low Profit
Stories Batroun,LOTUS CHEESE CAKE,0.9451822076938617,0.9214377499136845,0,Weak + Low Profit
Stories Batroun,CHOCOLATE SABLE,0.926422478480329,0.9874801559758106,0,Weak + Low Profit
Stories Batroun,ADD SHOT,0.6195073836386736,0.9148742819318496,0,Weak + Low Profit
Stories Batroun,SAN BENEDETTO CLEMENTINE 330ML/24,0.8976594188747092,0.9987073062663796,0,Weak + Low Profit
Stories Batroun,MACARONS,0.8272800744777101,0.9973444086660578,0,Weak + Low Profit
Stories Batroun,MOCHA FRAPP SMALL,0.9749549307035549,0.996852057750074,2,Weak + Low Profit
Stories Batroun,CHOCOLATE QUELLA,0.9026326334426881,0.9952174358817735,0,Weak + Low Profit
Stories Batroun,DOUBLE CHOCOLATE MUFFIN,0.7259652287097215,0.9991740290972903,0,Weak + Low Profit
Stories Bayada,MANGO YOGHURT COMBO SMALL,0.8809022594513566,0.9969394108045471,0,Weak + Low Profit
Stories Bayada,SALAD BAR 1 VISIT,0.9628147302502188,1.0,2,Weak + Low Profit
Stories Bayada,LATTE MEDIUM,0.8262976046129202,0.9979557983365183,0,Weak + Low Profit
Stories Bayada,CARAMEL FRAPP MEDIUM,0.7160021059137751,0.9995828655573352,0,Weak + Low Profit
Stories Bayada,ORIGINAL YOGHURT COMBO MEDIUM,0.8129121607919992,0.9995355069908725,0,Weak + Low Profit
Stories Bayada,MANGO YOGHURT COMBO MEDIUM,0.5356536669638751,0.9994456634470031,0,Weak + Low Profit
Stories Bayada,ICED MATCHA LATTE MEDIUM,0.8210828750502666,0.9997160550482453,0,Weak + Low Profit
Stories Bayada,ICED AMERICANO MEDIUM,1.9283254773531944,1.0,1,Weak + Low Profit
Stories Bayada,CHOCOLATE YOGHURT COMBO MEDIUM,0.8496523360161814,0.9987872191574332,0,Weak + Low Profit
Stories Bayada,ESPRESSO,0.8609194250024187,0.999717801630732,0,Weak + Low Profit
Stories Bayada,ICED CARAMEL MACCHIATO MEDIUM,0.8363470835515794,0.9994975880148526,0,Weak + Low Profit
Stories Bayada,POMEGRANATE YOGHURT COMBO SMALL,0.6572402359556899,0.9873126773269365,0,Weak + Low Profit
Stories Bayada,LAZY CAKE,0.8000523982834802,0.9829658073900172,0,Weak + Low Profit
Stories Bayada,TURKEY & CHEESE SUB,0.764922403204297,0.998138174334524,0,Weak + Low Profit
Stories Bayada,ICED WHITE MOCHA MEDIUM,0.553976017143863,0.9997104763364056,0,Weak + Low Profit
Stories Bayada,AMERICANO MEDIUM,1.1218628409542402,1.0,2,Weak + Low Profit
Stories Bayada,SPANISH LATTE MEDIUM,0.743439198668226,0.9997205074908048,0,Weak + Low Profit
Stories Bayada,WHITE MOCHA MEDIUM,0.4496753220352267,0.9931150631547578,0,Weak + Low Profit
Stories Bayada,SIGNATURE HOT CHOCOLATE MEDIUM,0.876177400296135,0.9998011973384304,0,Weak + Low Profit
Stories Bayada,ICED CARAMEL MACCHIATO SMALL,0.8463241033958676,0.9951525720106873,0,Weak + Low Profit
Stories Bayada,MOCHA FRAPP MEDIUM,0.6344161690856608,0.9983411081130961,0,Weak + Low Profit
Stories Bayada,SPANISH LATTE SMALL,0.703565667988113,0.6723544327622483,0,Weak + Low Profit
Stories Bayada,CARAMEL MACHIATO MEDIUM,0.5991993832915572,0.9922724766881279,0,Weak + Low Profit
Stories Bayada,PISTACHIO CRUNCH,0.9505949284957005,0.9760089869449278,0,Weak + Low Profit
Stories Bayada,BROWN TUNA SUB,0.9239825330833664,0.9982311160443074,0,Weak + Low Profit
Stories Bayada,DOUBLE SHOT SHAKEN MEDIUM,0.7159424417864477,0.9990915415427024,0,Weak + Low Profit
Stories Bayada,REPLACE ALMOND MEDIUM,1.0,0.9855629366892198,2,Weak + Low Profit
Stories Bayada,CHOCOLATE CREAM FRAPP MEDIUM,0.67910871670472,0.999335813343564,0,Weak + Low Profit
Stories Bayada,CARAMEL MACHIATO SMALL,0.7390963122729565,0.9425708910553942,0,Weak + Low Profit
Stories Bayada,LOTUS YOGHURT COMBO MEDIUM,0.8488283902374262,0.9969558768441344,0,Weak + Low Profit
Stories Bayada,WHITE MOCHA SMALL,0.3471502686199356,0.9130450217195555,0,Weak + Low Profit
Stories Bayada,CHOCOLATE CRUNCH,0.7919467991182431,0.9934881867007956,0,Weak + Low Profit
Stories Bayada,ICED WHITE MOCHA LARGE,0.7791174513159093,0.9997052337358314,0,Weak + Low Profit
Stories Bayada,ICED MATCHA LATTE LARGE,0.9151206650966393,0.9999835792235292,0,Weak + Low Profit
Stories Bayada,CARAMEL CREAM  FRAPP MEDIUM,0.6039981068920437,0.9996708447779672,0,Weak + Low Profit
Stories Bayada,DOUBLE CHOCOLATE MUFFIN,0.8533851727689019,0.9995918027786431,0,Weak + Low Profit
Stories Bayada,TUNA SUB,0.7926346583348165,1.0,0,Weak + Low Profit
Stories Bayada,MOCHA MEDIUM,0.5947411740723638,0.9919551545117876,0,Weak + Low Profit
Stories Bayada,ICED MOCHA MEDIUM,0.6383712389328029,0.999841930843478,0,Weak + Low Profit
Stories Bayada,ECLAIR CHOCOLAT,0.7993970861529698,0.9869553853945964,0,Weak + Low Profit
Stories Bayada,STRAWBERRY CREAM FRAPP SMALL,0.6456393621831293,0.9100772312553838,0,Weak + Low Profit
Stories Bayada,MOCHA FRAPP SMALL,0.9755157265572038,0.9961250184066383,2,Weak + Low Profit
Stories Bayada,REPLACE ALMOND SMALL,0.98420704535131,0.9993712731502041,2,Weak + Low Profit
Stories Centro Mall,ORIGINAL YOGHURT COMBO SMALL,0.9538433174737299,0.9898282488789154,0,Weak + Low Profit
Stories Centro Mall,WATER,0.986930218016615,1.0,2,Weak + Low Profit
Stories Centro Mall,ICED LATTE MEDIUM,0.7208016149887264,0.9995127985700871,0,Weak + Low Profit
Stories Centro Mall,ORIGINAL YOGHURT COMBO MEDIUM,0.8036017863253611,0.9975092634163658,0,Weak + Low Profit
Stories Centro Mall,LATTE MEDIUM,0.5592657453144193,0.9973614818745379,0,Weak + Low Profit
Stories Centro Mall,BLUEBERRY YOGHURT COMBO MEDIUM,0.9010598889551545,0.9990489198570551,0,Weak + Low Profit
Stories Centro Mall,CARAMEL CREAM FRAPP SMALL,2.494622839778608,1.0,1,Weak + Low Profit
Stories Centro Mall,WHITE MOCHA MEDIUM,0.8916728154539599,0.9925396093516148,0,Weak + Low Profit
Stories Centro Mall,ICED MATCHA LATTE MEDIUM,0.6824513043670868,0.9979117867422664,0,Weak + Low Profit
Stories Centro Mall,SPANISH LATTE SMALL,1.366261409620933,1.0,2,Weak + Low Profit
Stories Centro Mall,CHOCOLATE YOGHURT COMBO SMALL,0.269133525935422,0.9830284774166677,0,Weak + Low Profit
Stories Centro Mall,AMERICANO SMALL,0.789506525468066,0.9925144519767722,0,Weak + Low Profit
Stories Centro Mall,CARAMEL MACHIATO MEDIUM,1.0,0.9918951829352022,2,Weak + Low Profit
Stories Centro Mall,SPANISH LATTE MEDIUM,0.8187624059636349,0.9994190658226446,0,Weak + Low Profit
Stories Centro Mall,BLACK COFFEE SMALL,0.4733540941196058,0.9973075074349206,0,Weak + Low Profit
Stories Centro Mall,CAPPUCCINO MEDIUM,0.5767021968656907,0.9979097867570091,0,Weak + Low Profit
Stories Centro Mall,LOTUS YOGHURT COMBO SMALL,0.5816591655505526,0.9892406591248686,0,Weak + Low Profit
Stories Centro Mall,MOCHA FRAPP SMALL,1.8483049849721704,1.0,1,Weak + Low Profit
Stories Centro Mall,SIGNATURE HOT CHOCOLATE MEDIUM,0.9084640929719601,0.9991469471314353,0,Weak + Low Profit
Stories Centro Mall,ICED MATCHA LATTE SMALL,0.9643773562838224,0.9966867846283151,2,Weak + Low Profit
Stories Centro Mall,POMEGRANATE YOGHURT COMBO SMALL,0.37846708489039604,0.9775217580476233,0,Weak + Low Profit
Stories Centro Mall,MOCHA MEDIUM,0.8320393894685502,0.9908767221490086,0,Weak + Low Profit
Stories Centro Mall,CHOCOLATE CRUNCH,0.9363974057609472,0.9866650258640717,0,Weak + Low Profit
Stories Centro Mall,PISTACHIO CRUNCH,0.9908515463020238,0.9602591407227568,2,Weak + Low Profit
Stories Centro Mall,FRAMBOISE CHEESE CAKE,1.0,0.9294951370473402,2,Weak + Low Profit
Stories Centro Mall,VANILLA CREAM FRAPP MEDIUM,1.0,0.9999268106342327,2,Weak + Low Profit
Stories Centro Mall,ICED PEACH TEA  MEDIUM,0.9146921154274279,0.9968886552572055,0,Weak + Low Profit
Stories Centro Mall,ORANGE CAKE,0.9264564633904288,0.9995595792108881,0,Weak + Low Profit
Stories Centro Mall,FREEZE DROPS STRAWBERRY,0.9737694350690943,0.9993625474337204,2,Weak + Low Profit
Stories Centro Mall,ICED SALTED CARAMEL LATTE MEDIUM,0.9394878879533153,0.9972473937354073,0,Weak + Low Profit
Stories Centro Mall,STRAWBERRY CREAM FRAPP LARGE,0.4939758851719937,0.9956354952771835,0,Weak + Low Profit
Stories Centro Mall,DOUBLE SHOT SHAKEN MEDIUM,0.5513304870006603,0.997514661275558,0,Weak + Low Profit
Stories Centro Mall,ICED WHITE MOCHA LARGE,0.6471799272450834,0.9991879359938443,0,Weak + Low Profit
Stories Centro Mall,BLACK COFFEE MEDIUM,0.2826146526096733,0.9965508819204018,0,Weak + Low Profit
Stories Centro Mall,ICED LATTE LARGE,0.48574969463275525,0.9987266430372767,0,Weak + Low Profit
Stories Centro Mall,AMERICANO MEDIUM,0.4087357029121176,0.9986674578661335,0,Weak + Low Profit
Stories Centro Mall,LOTUS SPREAD YOGHURT COMBO SMALL,0.5908541737940387,1.0,0,Weak + Low Profit
Stories Centro Mall,LEMON JUICE,0.8714217791095343,0.9973457509304822,0,Weak + Low Profit
Stories Centro Mall,ESPRESSO FRAPP MEDIUM,0.7529341758907887,0.9981341441024475,0,Weak + Low Profit
Stories Centro Mall,CHOCOLATE YOGHURT COMBO MEDIUM,0.23307363666995168,0.9957521768812526,0,Weak + Low Profit
Stories Centro Mall,TIRAMISU CUP,0.30899102732865963,0.9999998083734357,0,Weak + Low Profit
Stories Centro Mall,BROWNIES CAKE,0.5610026098367741,0.9937635648213827,0,Weak + Low Profit
Stories Centro Mall,TOFFEE NUT LATTE MEDIUM,0.7234691739750752,0.9961853911825501,0,Weak + Low Profit
Stories Centro Mall,COFFEE FRAPPE MEDIUM,0.877101339071725,0.9983294937453325,0,Weak + Low Profit
Stories Event Starco,ORIGINAL YOGHURT COMBO SMALL,1.0,1.0086404840409406,2,Weak + Low Profit
Stories Event Starco,WHITE MOCHA MEDIUM,2.6857680320530646,1.0,1,Weak + Low Profit
Stories Event Starco,CLASSIC HOT CHOC MEDIUM,6.304250615759028,1.0,1,Weak + Low Profit
Stories Event Starco,ICED SPANISH LATTE MEDIUM,0.6307168775157679,0.9975368367783367,0,Weak + Low Profit
Stories Event Starco,ORIGINAL YOGHURT COMBO MEDIUM,0.5605150675866971,0.9961756721845882,0,Weak + Low Profit
Stories Event Starco,ICED CARAMEL MACCHIATO MEDIUM,0.8810407602094069,0.9978635028302564,0,Weak + Low Profit
Stories Event Starco,SIGNATURE HOT CHOCOLATE MEDIUM,0.9988571826217373,0.9963896593404945,2,Weak + Low Profit
Stories Event Starco,AMERICANO MEDIUM,0.6187966353409716,0.9865888763330855,0,Weak + Low Profit
Stories Event Starco,CARAMEL CREAM FRAPP SMALL,0.9861842456130978,0.9937736889839114,2,Weak + Low Profit
Stories Event Starco,CARAMEL FRAPP LARGE,0.7536007687044347,0.9888325933679569,0,Weak + Low Profit
Stories Event Starco,ICED MATCHA LATTE MEDIUM,0.31651456192867217,0.994703336691584,0,Weak + Low Profit
Stories Event Starco,APPLE JUICE,1.0,1.0019115744897258,2,Weak + Low Profit
Stories Event Starco,DOUBLE CHOCOLATE MUFFIN,0.9527262389502185,0.997405380475561,0,Weak + Low Profit
Stories Event Starco,CHOCOLATE CREAM FRAP SMALL,0.7605422356040851,0.9855649271177536,0,Weak + Low Profit
Stories Event Starco,SAN BENEDETTO CLEMENTINE 330ML/24,1.0,1.0000312354076744,2,Weak + Low Profit
Stories Event Starco,BROWNIES CAKE,0.8222505966272059,0.9570004631854873,0,Weak + Low Profit
Stories Event Starco,LEMON JUICE,1.1285782208904656,1.0,2,Weak + Low Profit
Stories Event Starco,ECLAIR COFFEE,1.0,0.9999986608910073,2,Weak + Low Profit
Stories Event Starco,RED VELVET MUFFIN_,1.0,0.9989138261710646,2,Weak + Low Profit
Stories Event Starco,MAWARDI JUICE,1.0,1.0000083037321736,2,Weak + Low Profit
Stories Event Starco,SINGLE LONGO,1.0,0.9795661126031673,2,Weak + Low Profit
Stories Event Starco,MOCHA FRAPP SMALL,0.91558308229291,0.9926550729809299,0,Weak + Low Profit
Stories Event Starco,MATCHA LATTE MEDIUM,0.8078144253368205,0.9999953587699497,0,Weak + Low Profit
Stories Event Starco,ICED MOCHA MEDIUM,0.5069088675028378,0.9985375088648903,0,Weak + Low Profit
Stories Event Starco,LATTE LARGE,0.5955830718987594,0.996969887844868,0,Weak + Low Profit
Stories Event Starco,ADD CARAMEL SMALL,1.0,1.0011562669226006,2,Weak + Low Profit
Stories Event Starco,ICED CARAMEL MACCHIATO LARGE,0.7167426680851123,0.9953150691041689,0,Weak + Low Profit
Stories Event Starco,WHITE MOCHA LARGE,0.6461812570077664,0.9924424853009498,0,Weak + Low Profit
Stories Event Starco,SALTED CARAMEL LATTE MEDIUM,0.44155618284981885,0.9964407159835773,0,Weak + Low Profit
Stories Event Starco,REPLACE ALMOND SMALL,0.6279367165170415,0.9876421262198277,0,Weak + Low Profit
Stories Event Starco,CARAMEL MACCHIATO LARGE,0.5611137088766469,0.9927816663189891,0,Weak + Low Profit
Stories Event Starco,CLASSIC HOT CHOC LARGE,1.0,0.9976998829727463,2,Weak + Low Profit
Stories Event Starco,WHITE MOCHA FRAPP SMALL,1.0,0.9947633158029,2,Weak + Low Profit
Stories Event Starco,SPECIALITY COFFEE ST BITES,0.6084329479388485,0.9999994409741949,0,Weak + Low Profit
Stories Event Starco,CAPPUCCINO LARGE,0.6840566002442191,0.9969795608873324,0,Weak + Low Profit
Stories Event Starco,ICED CLASSIC CHOC MEDIUM,0.5355555456114014,0.998963953871317,0,Weak + Low Profit
Stories Event Starco,SIGNATURE ICED CHOCOLATE MEDIUM,1.0,1.0000100578971876,2,Weak + Low Profit
Stories Event Starco,MANGO YOGHURT COMBO X-LARGE,0.36155680355441777,0.9893015502577331,0,Weak + Low Profit
Stories Event Starco,ORIGINAL YOGHURT COMBO X-LARGE,0.34223730548039416,0.9841224167829724,0,Weak + Low Profit
Stories Event Starco,ADD VANILLA SMALL,1.0,1.0,2,Weak + Low Profit
Stories Faqra,LATTE MEDIUM,0.8406639175688986,0.9990817921280652,0,Weak + Low Profit
Stories Faqra,CARAMEL FRAPP MEDIUM,1.0,1.0129276456451426,2,Weak + Low Profit
Stories Faqra,DOUBLE ESPRESSO,0.7209088478029362,0.9971142095163367,0,Weak + Low Profit
Stories Faqra,OREO CREAM YOGHURT COMBO MEDIUM,1.0,0.9961930763542719,2,Weak + Low Profit
Stories Faqra,CAPPUCCINO SMALL,0.8054524713725599,0.9995477554809779,0,Weak + Low Profit
Stories Faqra,CARAMEL MACHIATO MEDIUM,0.9327781529507119,0.9880084010906705,0,Weak + Low Profit
Stories Faqra,CHEESE CROISSANT,0.5692580239132741,0.9680532538007475,0,Weak + Low Profit
Stories Faqra,LAZY CAKE,0.46568727131599996,0.9349489149821962,0,Weak + Low Profit
Stories Faqra,POMEGRANATE YOGHURT COMBO MEDIUM,0.8970249060988232,0.9950343869781522,0,Weak + Low Profit
Stories Faqra,PISTACHIO CRUNCH,0.8881279522552477,0.940149585099747,0,Weak + Low Profit
Stories Faqra,LOTUS CHEESE CAKE,0.9678481424950504,0.9984171065224104,2,Weak + Low Profit
Stories Faqra,ICED AMERICANO SMALL,1.0,1.0045579111931617,2,Weak + Low Profit
Stories Faqra,MATCHA CREAM FRAPP MEDIUM,1.0,1.0307918104054383,2,Weak + Low Profit
Stories Faqra,LATTE LARGE,0.7147693864440575,0.999999906791356,0,Weak + Low Profit
Stories Faqra,CHOCOLATE CROISSANT,0.5086983630688625,0.9663361759461695,0,Weak + Low Profit
Stories Faqra,ADD VANILLA MEDIUM,1.0,1.0253589937892693,2,Weak + Low Profit
Stories Faqra,MACARONS,0.7283064045734755,0.988227051199686,0,Weak + Low Profit
Stories Faqra,FRAMBOISE CHEESE CAKE,0.6186848649270696,0.9384156713559481,0,Weak + Low Profit
Stories Faqra,BLACK COFFEE SMALL,0.18713311669633245,0.9898426269280751,0,Weak + Low Profit
Stories Faqra,MOCHA MEDIUM,0.41972956685895874,0.9866106150868983,0,Weak + Low Profit
Stories Khaldeh,ORIGINAL YOGHURT COMBO SMALL,0.7752691140236472,0.9940260663170835,0,Weak + Low Profit
Stories Khaldeh,WATER,0.7209812183028265,0.9989812741508656,0,Weak + Low Profit
Stories Khaldeh,MANGO YOGHURT COMBO MEDIUM,1.0,1.0024422458151614,2,Weak + Low Profit
Stories Khaldeh,DOUBLE ESPRESSO,0.7591486901779927,0.9984848282810563,0,Weak + Low Profit
Stories Khaldeh,BLACK COFFEE SMALL,0.6473877831524016,0.967983036324932,0,Weak + Low Profit
Stories Khaldeh,CHOCOLATE YOGHURT COMBO SMALL,0.28453557702916915,0.9694035925465899,0,Weak + Low Profit
Stories Khaldeh,CAPPUCCINO SMALL,0.8057796817709963,0.9993315899975393,0,Weak + Low Profit
Stories Khaldeh,BLACK COFFEE MEDIUM,0.7623606631157552,0.9958047259266174,0,Weak + Low Profit
Stories Khaldeh,CHEESE CROISSANT,0.828935682165176,0.9982230010106373,0,Weak + Low Profit
Stories Khaldeh,ICED SPANISH LATTE SMALL,0.9801209655446064,0.9980379973839382,2,Weak + Low Profit
Stories Khaldeh,FONDANT AU CHOCOLAT,0.9920701600905001,0.966397706717088,2,Weak + Low Profit
Stories Khaldeh,SIGNATURE HOT CHOCOLATE SMALL,0.8667593796125929,0.9931878814853422,0,Weak + Low Profit
Stories Khaldeh,STRAWBERRY CREAM FRAPP SMALL,0.992356691530932,0.9630516340999237,2,Weak + Low Profit
Stories Khaldeh,BLUEBERRY CHEESE CAKE,0.9980048101817964,0.9869276442964278,2,Weak + Low Profit
Stories Khaldeh,SALTED CARAMEL FRAPPE MEDIUM,1.0,1.0031852290775876,2,Weak + Low Profit
Stories Khaldeh,CARAMEL CREAM FRAPP SMALL,0.9481742861549263,0.9988454459451951,0,Weak + Low Profit
Stories Khaldeh,ICED MATCHA LATTE SMALL,0.7373086345973439,0.9851909338426733,0,Weak + Low Profit
Stories Khaldeh,ECLAIR CHOCOLAT,0.9938442270832526,0.9853530464483805,2,Weak + Low Profit
Stories Khaldeh,VANILLA CREAM FRAPP MEDIUM,0.9133152151653252,1.0,0,Weak + Low Profit
Stories Khaldeh,REPLACE 1 SHOT YIRGACHEFFE,1.0,1.0002607045140366,2,Weak + Low Profit
Stories Khaldeh,CHOCOLATE SALTED CAKE,0.7583064863383505,0.9728316758835982,0,Weak + Low Profit
Stories Khaldeh,VANILLA FRAPP MEDIUM,0.8990471614297494,0.9963215520687422,0,Weak + Low Profit
Stories LAU,WATER,0.9524100477507077,0.9974719286052297,0,Weak + Low Profit
Stories LAU,CLASSIC CINNAMON ROLL LARGE,0.9446240914339167,0.9843192327155303,0,Weak + Low Profit
Stories LAU,WHITE MOCHA SMALL,1.0,0.873250692731675,2,Weak + Low Profit
Stories LAU,CHEESE CROISSANT,0.8452506220042734,0.9946791379985199,0,Weak + Low Profit
Stories LAU,ESPRESSO,0.6934216171962561,0.999906896610576,0,Weak + Low Profit
Stories LAU,SPANISH LATTE SMALL,0.9849096617770834,0.9445912214475795,2,Weak + Low Profit
Stories LAU,CHOCOLATE CROISSANT,0.9834124477581276,0.9971314092201656,2,Weak + Low Profit
Stories LAU,DOUBLE ESPRESSO,0.34482272057134844,0.9615070284498861,0,Weak + Low Profit
Stories LAU,FONDANT AU CHOCOLAT,0.9077586359566918,0.9873691137328062,0,Weak + Low Profit
Stories LAU,ICED WHITE MOCHA SMALL,0.9498258964207961,0.9961803825902502,0,Weak + Low Profit
Stories LAU,SIGNATURE HOT CHOCOLATE SMALL,0.8646692149326537,0.9908548265319561,0,Weak + Low Profit
Stories LAU,LAZY CAKE,0.47210163866627985,0.9817757803925117,0,Weak + Low Profit
Stories LAU,DOUBLE SHOT SHAKEN SMALL,1.0,1.0,2,Weak + Low Profit
Stories LAU,LOTUS YOGHURT COMBO MEDIUM,0.968929224784244,0.9964002363837349,2,Weak + Low Profit
Stories LAU,BLUEBERRY YOGHURT COMBO MEDIUM,0.30294613753023425,0.9964251564250014,0,Weak + Low Profit
Stories LAU,CHOCOLATE ROLL LARGE,0.6188657783467055,0.8427232735263863,0,Weak + Low Profit
Stories LAU,FLAT WHITE,0.6896151536281754,1.0,0,Weak + Low Profit
Stories LAU,BLUEBERRY CHEESE CAKE,0.7201206037269965,0.9754291932442788,0,Weak + Low Profit
Stories LAU,CHOCOLATE QUELLA,0.8536255222991561,0.998962756860279,0,Weak + Low Profit
Stories LAU,VANILLA CREAM FRAPP MEDIUM,0.6336046256127223,0.9997608260924382,0,Weak + Low Profit
Stories LAU,TUNA PASTA SALAD (GRAB&GO),0.596061067696801,0.99992370355254,0,Weak + Low Profit
Stories LAU,MOCHA MEDIUM,0.4401749137424737,0.999120505911415,0,Weak + Low Profit
Stories LAU,MOCHA SMALL,0.6179640440710082,0.9943604865694262,0,Weak + Low Profit
Stories Le Mall,ORIGINAL YOGHURT COMBO SMALL,1.770211324706239,1.0,1,Weak + Low Profit
Stories Le Mall,LATTE SMALL,1.0698581079012455,1.0,2,Weak + Low Profit
Stories Le Mall,LATTE MEDIUM,0.85770965953922,0.997440159646639,0,Weak + Low Profit
Stories Le Mall,ICED SPANISH LATTE MEDIUM,0.9899593963438015,0.9992374262706338,2,Weak + Low Profit
Stories Le Mall,CARAMEL FRAPP MEDIUM,0.7140374287317788,0.9991702628697084,0,Weak + Low Profit
Stories Le Mall,SALAD BAR 1 VISIT,0.6015083219464562,1.0,0,Weak + Low Profit
Stories Le Mall,ICED LATTE SMALL,0.9430677379711362,1.0,0,Weak + Low Profit
Stories Le Mall,BROWN TURKEY & CHEESE SUB,0.8178621738548731,0.9985225340003947,0,Weak + Low Profit
Stories Le Mall,ICED WHITE MOCHA MEDIUM,0.7334607573980019,0.9992825049640095,0,Weak + Low Profit
Stories Le Mall,AMERICANO SMALL,0.9892881324154875,0.9999514225419631,2,Weak + Low Profit
Stories Le Mall,BLACK COFFEE MEDIUM,0.8459202841347083,0.9964800013763364,0,Weak + Low Profit
Stories Le Mall,CARAMEL CREAM  FRAPP MEDIUM,1.3430439641023724,1.0,2,Weak + Low Profit
Stories Le Mall,MOCHA FRAPP MEDIUM,1.0323387797029417,1.0,2,Weak + Low Profit
Stories Le Mall,STRAWBERRY CREAM FRAPP MEDIUM,0.9729663510543697,0.9991513499266875,2,Weak + Low Profit
Stories Le Mall,TURKEY & CHEESE SUB,0.6438215408682563,0.9972729310580372,0,Weak + Low Profit
Stories Le Mall,CHOCOLATE CROISSANT,0.9735140123060404,0.9879344252006362,2,Weak + Low Profit
Stories Le Mall,AMERICANO MEDIUM,0.8551713165896255,0.9987970583893858,0,Weak + Low Profit
Stories Le Mall,BROWN PESTO HALLOUMI SUB,0.7536253661524014,0.9952601900600043,0,Weak + Low Profit
Stories Le Mall,SIGNATURE HOT CHOCOLATE MEDIUM,0.9387432760188846,0.9989600047166742,0,Weak + Low Profit
Stories Le Mall,BROWN CHICKEN CAESAR SANDWICH,0.8408140895670846,0.9990958948091803,0,Weak + Low Profit
Stories Le Mall,WHITE MOCHA MEDIUM,0.41904799923185615,0.9923904148489441,0,Weak + Low Profit
Stories Le Mall,ICED AMERICANO MEDIUM,0.9723095578995944,0.999594660402546,2,Weak + Low Profit
Stories Le Mall,FLAT WHITE,0.8759988107962109,0.9938907015876336,0,Weak + Low Profit
Stories Le Mall,SPANISH LATTE MEDIUM,0.5356361480874953,0.9992601629892092,0,Weak + Low Profit
Stories Le Mall,ICED MATCHA LATTE SMALL,0.8564615869107436,0.9996878659899789,0,Weak + Low Profit
Stories Le Mall,CARAMEL MACHIATO MEDIUM,0.6031532631691902,0.9927602203315382,0,Weak + Low Profit
Stories Le Mall,FONDANT AU CHOCOLAT,0.7355567939535667,0.9656401523938866,0,Weak + Low Profit
Stories Le Mall,PINEAPPLE CUP,0.7773372771437592,0.9966119268001602,0,Weak + Low Profit
Stories Le Mall,BLUE NADE,0.9632112696465995,0.9998766029269457,2,Weak + Low Profit
Stories Le Mall,MOCHA SMALL,0.9637969023654818,0.9945321753653564,2,Weak + Low Profit
Stories Le Mall,ORANGE CAKE,0.929772297331217,0.9973713349307706,0,Weak + Low Profit
Stories Le Mall,SPANISH LATTE SMALL,0.5913529059131675,0.9463452330310566,0,Weak + Low Profit
Stories Le Mall,THYME CROISSANT,0.9761206258639923,0.994816299656824,2,Weak + Low Profit
Stories Le Mall,ICED WHITE MOCHA SMALL,0.620922113284285,0.9605392677557653,0,Weak + Low Profit
Stories Le Mall,ICED LATTE LARGE,0.6010833873550557,0.999013261076515,0,Weak + Low Profit
Stories Le Mall,ICED CARAMEL MACCHIATO SMALL,0.5626546682937196,0.9950676574381434,0,Weak + Low Profit
Stories Le Mall,BLUEBERRY MUFFIN,0.90201931463085,0.9987060438504006,0,Weak + Low Profit
Stories Le Mall,STRAWBERRY CREAM FRAPP SMALL,0.6446363873094584,0.956012972142446,0,Weak + Low Profit
Stories Le Mall,BROWN TUNA SUB,0.7039990190313853,0.9955892047769755,0,Weak + Low Profit
Stories Le Mall,VANILLA CREAM FRAPP MEDIUM,0.7390163543638373,0.9998494912047539,0,Weak + Low Profit
Stories Le Mall,CARAMEL MACHIATO SMALL,0.5894174164966566,1.0,0,Weak + Low Profit
Stories Le Mall,MACARONS,0.7774988474635638,0.9945995516686711,0,Weak + Low Profit
Stories Le Mall,APRICOT SABLE,0.8667324168802528,0.9920118105368434,0,Weak + Low Profit
Stories Le Mall,QUELLA PISTACCIO,1.0,0.9837050613949738,2,Weak + Low Profit
Stories Le Mall,VANILLA MUFFIN,1.0,1.0015987068382513,2,Weak + Low Profit
Stories Le Mall,DOUBLE SHOT SHAKEN MEDIUM,0.48967919042798363,1.0,0,Weak + Low Profit
Stories Le Mall,ICED CLASSIC CHOC MEDIUM,0.9485152276022766,1.0,0,Weak + Low Profit
Stories Le Mall,ICED AMERICANO SMALL,0.7713427283109262,0.9962820096182787,0,Weak + Low Profit
Stories Le Mall,BLUEBERRY CHEESE CAKE,0.6457873925109378,0.9959808247970151,0,Weak + Low Profit
Stories Le Mall,TIRAMISU CUP,0.33736760631020773,0.9999999690945834,0,Weak + Low Profit
Stories Le Mall,ORGANIC GREEN TEA MEDIUM,0.6985165928481029,0.9930771526790678,0,Weak + Low Profit
Stories Le Mall,MATCHA CREAM FRAPP MEDIUM,0.730349364200184,0.9981998078181596,0,Weak + Low Profit
Stories Le Mall,SALTED CARAMEL FRAPPE MEDIUM,0.5773954144433022,0.9943174663260194,0,Weak + Low Profit
Stories Mansourieh,SALAD BAR 1 VISIT,1.0371852697497812,1.0,2,Weak + Low Profit
Stories Mansourieh,ICED MATCHA LATTE MEDIUM,1.2820571009879673,1.0,2,Weak + Low Profit
Stories Mansourieh,TURKEY & CHEESE SUB,1.4044696277871271,1.0,2,Weak + Low Profit
Stories Mansourieh,ICED WHITE MOCHA MEDIUM,0.9632964621112448,1.0,2,Weak + Low Profit
Stories Mansourieh,CHOCOLATE CREAM FRAPP MEDIUM,0.9271212704107035,0.9993284280421375,0,Weak + Low Profit
Stories Mansourieh,BROWN CHICKEN TERIAKI SUB,0.9539512293809217,0.9754979944751321,0,Weak + Low Profit
Stories Mansourieh,WHITE MOCHA SMALL,0.46714933337055015,0.9782366829238668,0,Weak + Low Profit
Stories Mansourieh,CARAMEL CREAM  FRAPP MEDIUM,0.8489797387060277,0.9993132950927726,0,Weak + Low Profit
Stories Mansourieh,ICED SPANISH LATTE SMALL,0.8308369988574194,0.9805185661609636,0,Weak + Low Profit
Stories Mansourieh,CARAMEL FRAPP SMALL,0.5362351980722361,1.0,0,Weak + Low Profit
Stories Mansourieh,NY STYLE COOKIE - CHOCOLATE CHIP WALNUT,0.7670752510420368,0.9794050749052857,0,Weak + Low Profit
Stories Mansourieh,CHOCOLATE CRUNCH,1.0,1.0166228563052868,2,Weak + Low Profit
Stories Mansourieh,RED VELVET CAKE,1.0,1.006963799359634,2,Weak + Low Profit
Stories Mansourieh,CHICKEN TERIAKI SUB,1.0,0.9684781062345997,2,Weak + Low Profit
Stories Mansourieh,ICED WHITE MOCHA SMALL,0.6920425435397051,0.970560767499767,0,Weak + Low Profit
Stories Mansourieh,BLACK COFFEE LARGE,0.9724152253925599,0.9975660753925351,2,Weak + Low Profit
Stories Mansourieh,DOUBLE SHOT SHAKEN MEDIUM,0.6844879512027812,0.9976093616679654,0,Weak + Low Profit
Stories Mansourieh,ORANGE CAKE,0.8894106403830718,0.984631046648402,0,Weak + Low Profit
Stories Mansourieh,PESTO HALLOUMI SUB,0.8961502296450737,0.9789324775295659,0,Weak + Low Profit
Stories Mansourieh,SPANISH LATTE SMALL,0.5518931517660326,0.9558738751862174,0,Weak + Low Profit
Stories Mansourieh,TUNA SUB,0.782848903220432,0.9807740254375544,0,Weak + Low Profit
Stories Mansourieh,MANGO YOGHURT COMBO X-LARGE,0.7870690186357395,0.9994825646155922,0,Weak + Low Profit
Stories Mansourieh,CARAMEL FRAPP LARGE,0.5932147053758052,0.9954685783143703,0,Weak + Low Profit
Stories Mansourieh,LOTUS ROLL,0.9613314377826789,0.9981658565744697,2,Weak + Low Profit
Stories Ramlet El Bayda,SALAD BAR 1 VISIT,1.8052733715648155,1.0,1,Weak + Low Profit
Stories Ramlet El Bayda,MANGO YOGHURT COMBO SMALL,0.7123744262000717,0.99876936462846,0,Weak + Low Profit
Stories Ramlet El Bayda,CLASSIC CINNAMON ROLL LARGE,0.958980878467996,0.9820376113512062,2,Weak + Low Profit
Stories Ramlet El Bayda,BLUEBERRY YOGHURT COMBO SMALL,0.4563175693002585,0.9901701023562237,0,Weak + Low Profit
Stories Ramlet El Bayda,ICED LATTE SMALL,1.0,0.9975444909078915,2,Weak + Low Profit
Stories Ramlet El Bayda,MANGO YOGHURT COMBO MEDIUM,0.5505875006547561,0.9996680567457233,0,Weak + Low Profit
Stories Ramlet El Bayda,ORIGINAL YOGHURT COMBO MEDIUM,0.6595858369026213,1.0,0,Weak + Low Profit
Stories Ramlet El Bayda,CAPPUCCINO SMALL,0.9548189750717134,0.9996017459773678,0,Weak + Low Profit
Stories Ramlet El Bayda,ADD SHOT,1.6809442249664812,1.0,1,Weak + Low Profit
Stories Ramlet El Bayda,CAPPUCCINO MEDIUM,0.8354525048129993,0.9991308749463291,0,Weak + Low Profit
Stories Ramlet El Bayda,ICED CARAMEL MACCHIATO MEDIUM,0.8500683772092784,0.9987129657862314,0,Weak + Low Profit
Stories Ramlet El Bayda,TURKEY & CHEESE SUB,0.7988485884085561,0.9950893740308177,0,Weak + Low Profit
Stories Ramlet El Bayda,CARAMEL FRAPP SMALL,0.8287788820762265,0.994741997698988,0,Weak + Low Profit
Stories Ramlet El Bayda,LAZY CAKE,0.7383881333605898,0.9880891093347515,0,Weak + Low Profit
Stories Ramlet El Bayda,SPANISH LATTE MEDIUM,0.8553848822401318,0.9995260650304079,0,Weak + Low Profit
Stories Ramlet El Bayda,AMERICANO SMALL,0.7441485954463244,0.997856627985865,0,Weak + Low Profit
Stories Ramlet El Bayda,MOCHA FRAPP MEDIUM,1.0,0.9957200356061334,2,Weak + Low Profit
Stories Ramlet El Bayda,STRAWBERRY CREAM FRAPP MEDIUM,0.8839385588185082,0.9983983797237536,0,Weak + Low Profit
Stories Ramlet El Bayda,BROWN CHICKEN CAESAR SANDWICH,0.9769495169482616,0.9931903664222108,2,Weak + Low Profit
Stories Ramlet El Bayda,CHOCOLATE CREAM FRAPP MEDIUM,1.0,0.9984522744601426,2,Weak + Low Profit
Stories Ramlet El Bayda,CARAMEL MACHIATO MEDIUM,0.7751510211471521,0.9951730365700152,0,Weak + Low Profit
Stories Ramlet El Bayda,ICED LATTE LARGE,0.9682771704548245,0.9984152709779994,2,Weak + Low Profit
Stories Ramlet El Bayda,FONDANT AU CHOCOLAT,0.934840690483913,0.9805434504101191,0,Weak + Low Profit
Stories Ramlet El Bayda,ICED MATCHA LATTE SMALL,1.0,1.0,2,Weak + Low Profit
Stories Ramlet El Bayda,BLACK COFFEE MEDIUM,0.5095016397789309,0.9957147812212567,0,Weak + Low Profit
Stories Ramlet El Bayda,CARAMEL CREAM  FRAPP MEDIUM,0.8098882357934433,0.9995122228887309,0,Weak + Low Profit
Stories Ramlet El Bayda,MOCHA MEDIUM,0.8365999332173493,0.9958330633214318,0,Weak + Low Profit
Stories Ramlet El Bayda,ORANGE JUICE,0.9674494978938984,0.9982697137284632,2,Weak + Low Profit
Stories Ramlet El Bayda,CHOCOLATE SALTED CAKE,1.0,0.9792286931491511,2,Weak + Low Profit
Stories Ramlet El Bayda,CHOCOLATE CROISSANT,0.747970772993826,0.9910835230984611,0,Weak + Low Profit
Stories Ramlet El Bayda,ICED WHITE MOCHA LARGE,0.9409712572824203,0.9990228763471716,0,Weak + Low Profit
Stories Ramlet El Bayda,CHOCOLATE YOGHURT COMBO MEDIUM,0.4074127173613261,0.9996227942022132,0,Weak + Low Profit
Stories Ramlet El Bayda,SIGNATURE HOT CHOCOLATE SMALL,0.7105951716630744,0.9925318284393094,0,Weak + Low Profit
Stories Ramlet El Bayda,CHICKEN CAESAR SANDWICH,0.8092816775602104,0.9928677649285321,0,Weak + Low Profit
Stories Ramlet El Bayda,ICED MOCHA MEDIUM,0.8293329749524445,0.9993363232296609,0,Weak + Low Profit
Stories Ramlet El Bayda,SAN BENEDETTO LEMON 330ML/24,0.9935325831337104,0.9990305453177458,2,Weak + Low Profit
Stories Ramlet El Bayda,ICED MATCHA LATTE LARGE,0.992127129093951,0.9944011448510841,2,Weak + Low Profit
Stories Ramlet El Bayda,SIGNATURE HOT CHOCOLATE MEDIUM,0.6947277712622256,0.998142969295828,0,Weak + Low Profit
Stories Ramlet El Bayda,POMEGRANATE YOGHURT COMBO MEDIUM,0.7516147909262801,0.9998677485088328,0,Weak + Low Profit
Stories Ramlet El Bayda,LATTE LARGE,0.9056257649036198,0.9976767010277361,0,Weak + Low Profit
Stories Ramlet El Bayda,BLUE NADE,0.9120578260131549,0.9991264629783839,0,Weak + Low Profit
Stories Ramlet El Bayda,SAN BENEDETTO GLASS 250ML/24,1.0,0.9957704301496024,2,Weak + Low Profit
Stories Ramlet El Bayda,CARAMEL FRAPP LARGE,0.6905723211637674,0.9967053537620288,0,Weak + Low Profit
Stories Ramlet El Bayda,LOTUS YOGHURT COMBO MEDIUM,0.8226801261568003,0.9997544129760622,0,Weak + Low Profit
Stories Ramlet El Bayda,BLUEBERRY MUFFIN,0.9801191708744059,0.9984080512642208,2,Weak + Low Profit
Stories Ramlet El Bayda,ICED AMERICANO SMALL,0.9896198841011464,0.9859603903546441,2,Weak + Low Profit
Stories Ramlet El Bayda,RED VELVET CAKE,0.7592700874984407,0.9994721051234585,0,Weak + Low Profit
Stories Ramlet El Bayda,CHOCOLATE CRUNCH,0.7080852364358918,0.9866920868691512,0,Weak + Low Profit
Stories Ramlet El Bayda,PESTO HALLOUMI SUB,0.8623063131667729,0.9878723039744677,0,Weak + Low Profit
Stories Ramlet El Bayda,REPLACE 2 SHOT YIRGACHEFFE,0.7684858770277071,1.0,0,Weak + Low Profit
Stories Ramlet El Bayda,MOCHA SMALL,0.8294489840486208,1.0,0,Weak + Low Profit
Stories Ramlet El Bayda,MACARONS,0.8368495810168801,0.9972468934505524,0,Weak + Low Profit
Stories Ramlet El Bayda,ECLAIR CHOCOLAT,0.8058583420260388,0.9943476177675266,0,Weak + Low Profit
Stories Ramlet El Bayda,LOTUS SPREAD YOGHURT COMBO SMALL,0.7249813653073482,0.9942978897122976,0,Weak + Low Profit
Stories Saida,WATER,0.9718113437628008,0.9960262234761625,2,Weak + Low Profit
Stories Saida,CARAMEL FRAPP MEDIUM,1.4044725865087213,1.0,2,Weak + Low Profit
Stories Saida,LATTE MEDIUM,0.9005509588068332,0.9973612866022952,0,Weak + Low Profit
Stories Saida,LATTE SMALL,0.7316439548020561,0.9994959327357374,0,Weak + Low Profit
Stories Saida,DOUBLE ESPRESSO,0.8894714836409477,0.986916181449685,0,Weak + Low Profit
Stories Saida,ESPRESSO,1.0,0.9974377823213045,2,Weak + Low Profit
Stories Saida,CARAMEL FRAPP SMALL,0.9974667857475881,0.9912421371178937,2,Weak + Low Profit
Stories Saida,CHOCOLATE CREAM FRAPP MEDIUM,1.5724101833561037,1.0,2,Weak + Low Profit
Stories Saida,CAPPUCCINO MEDIUM,0.7690703705264691,0.9981717046056374,0,Weak + Low Profit
Stories Saida,BLACK COFFEE SMALL,0.5734798337270556,0.9268391959994386,0,Weak + Low Profit
Stories Saida,CAPPUCCINO SMALL,0.7498044998076724,0.9981379471094481,0,Weak + Low Profit
Stories Saida,WHITE MOCHA SMALL,0.687354910894294,1.0,0,Weak + Low Profit
Stories Saida,ICED LATTE SMALL,0.6241870533335373,0.9955319309095839,0,Weak + Low Profit
Stories Saida,SPANISH LATTE SMALL,1.0,0.9671007002006632,2,Weak + Low Profit
Stories Saida,AMERICANO SMALL,0.6212659822294192,0.9989450664018894,0,Weak + Low Profit
Stories Saida,BLACK COFFEE MEDIUM,0.5702455363679302,0.9954275570682337,0,Weak + Low Profit
Stories Saida,CHEESE CROISSANT,0.6540163557315662,0.9896558799751826,0,Weak + Low Profit
Stories Saida,FLAT WHITE,0.9956270476259628,0.9530796869788017,2,Weak + Low Profit
Stories Saida,STRAWBERRY CREAM FRAPP SMALL,1.0017139203407257,1.0,2,Weak + Low Profit
Stories Saida,CHOCOLATE CREAM FRAP SMALL,1.0,0.9994741839104989,2,Weak + Low Profit
Stories Saida,ICED LATTE LARGE,0.7645470402251935,0.9997356731486922,0,Weak + Low Profit
Stories Saida,REPLACE 2 SHOT YIRGACHEFFE,1.0,1.0008036829883367,2,Weak + Low Profit
Stories Saida,AMERICANO MEDIUM,0.6324977414677432,0.9989409675674925,0,Weak + Low Profit
Stories Saida,DOUBLE CHOCOLATE MUFFIN,0.961942894088849,1.0,2,Weak + Low Profit
Stories Saida,SALAD BAR 1 VISIT,0.17137473508595366,1.0,0,Weak + Low Profit
Stories Saida,LOTUS CHEESE CAKE,0.9125725149616173,0.9044343647881635,0,Weak + Low Profit
Stories Saida,CLASSIC HOT CHOC MEDIUM,0.6828859127217147,0.9925230617211608,0,Weak + Low Profit
Stories Saida,OREO CREAM YOGHURT COMBO SMALL,0.5770145195596817,0.9904098692499717,0,Weak + Low Profit
Stories Saida,WHITE MOCHA FRAPP MEDIUM,0.9536516700501435,1.0,0,Weak + Low Profit
Stories Saida,BROWNIES CAKE,0.7088614393903934,0.9927869252309186,0,Weak + Low Profit
Stories Saida,ECLAIR ORIGINAL,0.7333236188248888,0.9685385852466084,0,Weak + Low Profit
Stories Saida,VANILLA FRAPP MEDIUM,0.822650315130286,0.9983210201835108,0,Weak + Low Profit
Stories Saida,ICED WHITE MOCHA LARGE,0.5957052102046692,0.9995322614577995,0,Weak + Low Profit
Stories Sour 2,ICED SPANISH LATTE SMALL,0.7237579367076699,0.9999535465523466,0,Weak + Low Profit
Stories Sour 2,MANGO YOGHURT COMBO X-LARGE,1.0,1.0257856512053896,2,Weak + Low Profit
Stories Sour 2,HOT DOUBLE SHOT SMALL,0.9444325768530063,0.9653544622438103,0,Weak + Low Profit
Stories Sour 2,ICED PEACH TEA  SMALL,1.0,0.9320944605978878,2,Weak + Low Profit
Stories Sour 2,SPANISH LATTE SMALL,0.4726378099029319,0.7498183534775332,0,Weak + Low Profit
Stories Sour 2,ICED MOCHA SMALL,1.0,1.0209053980899878,2,Weak + Low Profit
Stories Verdun,CLASSIC CINNAMON ROLL LARGE,0.9822609000789987,0.9956193618567489,2,Weak + Low Profit
Stories Verdun,LATTE MEDIUM,1.0,1.0165592216090336,2,Weak + Low Profit
Stories Verdun,LATTE SMALL,1.0,1.0050878274576518,2,Weak + Low Profit
Stories Verdun,WATER,0.4090184171548173,0.9976215521531511,0,Weak + Low Profit
Stories Verdun,MATCHA CREAM FRAPP LARGE,1.0,1.0188787834650384,2,Weak + Low Profit
Stories Verdun,SALTED CARAMEL LATTE MEDIUM,1.0,1.0290250643420082,2,Weak + Low Profit
Stories Verdun,CHOCOLATE ROLL LARGE,0.7366310521248377,0.909265158302192,0,Weak + Low Profit
Stories Verdun,SALTED CARAMEL FRAPPE SMALL,1.0,1.0213292830889522,2,Weak + Low Profit
Stories Verdun,LOTUS YOGHURT COMBO X-LARGE,1.0,1.0498875248243777,2,Weak + Low Profit
Stories Verdun,DOUBLE ESPRESSO,0.242994478421188,1.0,0,Weak + Low Profit
Stories Verdun,THYME CROISSANT,1.0,1.0273784643377482,2,Weak + Low Profit
Stories Verdun,FREEZE DROPS STRAWBERRY,1.0,1.0034602998842628,2,Weak + Low Profit
Stories Verdun,BLUEBERRY YOGHURT SMALL,1.0,1.0171908390558768,2,Weak + Low Profit
Stories Verdun,COFFEE FRAPPE SMALL,1.0,1.0220391674978133,2,Weak + Low Profit
Stories Verdun,ICED SALTED CARAMEL LATTE SMALL,1.0,1.027151826092782,2,Weak + Low Profit
Stories Verdun,CARAMEL MACCHIATO LARGE,1.0,1.0271187857068265,2,Weak + Low Profit
Stories Verdun,REPLACE COCONUT SMALL,1.0,1.0339312332222848,2,Weak + Low Profit
Stories Verdun,SALTED CARAMEL LATTE SMALL,1.0,1.013691312260791,2,Weak + Low Profit
Stories Zalka,MANGO YOGHURT COMBO SMALL,0.8307677231479574,0.9974562682178959,0,Weak + Low Profit
Stories Zalka,BLUEBERRY YOGHURT COMBO SMALL,0.7215646376350797,0.9939777917370611,0,Weak + Low Profit
Stories Zalka,LATTE SMALL,0.8195174182049315,0.9931072996601001,0,Weak + Low Profit
Stories Zalka,ICED SPANISH LATTE MEDIUM,0.8722056169874481,0.9993834996908533,0,Weak + Low Profit
Stories Zalka,CARAMEL FRAPP MEDIUM,0.6975485831093602,0.9989424919349904,0,Weak + Low Profit
Stories Zalka,BLUEBERRY YOGHURT COMBO MEDIUM,0.9916117340875203,0.9980678560419086,2,Weak + Low Profit
Stories Zalka,SALAD BAR 1 VISIT,0.6340681645970826,1.0,0,Weak + Low Profit
Stories Zalka,ICED WHITE MOCHA MEDIUM,0.9367526555802127,0.999376851705155,0,Weak + Low Profit
Stories Zalka,ICED MATCHA LATTE MEDIUM,0.9943201484474254,0.998270676989737,2,Weak + Low Profit
Stories Zalka,WHITE MOCHA MEDIUM,0.9657379716165976,0.991266836672514,2,Weak + Low Profit
Stories Zalka,CAPPUCCINO SMALL,0.9252141538800769,0.9986652984582625,0,Weak + Low Profit
Stories Zalka,ICED CARAMEL MACCHIATO MEDIUM,0.8473856243895658,0.998875352803064,0,Weak + Low Profit
Stories Zalka,SPANISH LATTE MEDIUM,0.9221018622576186,0.9993247308014445,0,Weak + Low Profit
Stories Zalka,LAZY CAKE,0.6885267891748889,0.9862744750492509,0,Weak + Low Profit
Stories Zalka,CHEESE CROISSANT,0.815892864269966,0.9862500522909255,0,Weak + Low Profit
Stories Zalka,CHOCOLATE CREAM FRAPP MEDIUM,0.9990656507790486,0.9989128130434786,2,Weak + Low Profit
Stories Zalka,ICED LATTE LARGE,0.9801614973969606,0.9989574745249529,2,Weak + Low Profit
Stories Zalka,CHOCOLATE CROISSANT,0.8262818070686497,0.9855155692784928,0,Weak + Low Profit
Stories Zalka,CARAMEL MACHIATO MEDIUM,0.6881291887039515,0.9919123813111355,0,Weak + Low Profit
Stories Zalka,STRAWBERRY CREAM FRAPP MEDIUM,0.6616901237322649,0.9984971151288661,0,Weak + Low Profit
Stories Zalka,DOUBLE SHOT SHAKEN MEDIUM,0.7877343464873354,0.9993976515934636,0,Weak + Low Profit
Stories Zalka,FLAT WHITE,0.8069716825970977,0.9929318008077396,0,Weak + Low Profit
Stories Zalka,SPANISH LATTE SMALL,0.6487248759498329,0.9626207587499283,0,Weak + Low Profit
Stories Zalka,MOCHA SMALL,0.9766380205122397,0.9924407899575877,2,Weak + Low Profit
Stories Zalka,REPLACE ALMOND MEDIUM,0.9370783378834093,0.9909228860655487,0,Weak + Low Profit
Stories Zalka,FREEZE DROPS STRAWBERRY,1.0367016979843526,1.0,2,Weak + Low Profit
Stories Zalka,FONDANT AU CHOCOLAT,0.6136978859285639,0.9797981026848336,0,Weak + Low Profit
Stories Zalka,CARAMEL CREAM  FRAPP MEDIUM,0.6057690540809336,0.9995609459910031,0,Weak + Low Profit
Stories Zalka,ICED SPANISH LATTE SMALL,0.59179288605306,0.984836551408428,0,Weak + Low Profit
Stories Zalka,ICED MATCHA LATTE LARGE,0.8907881066142499,0.9948828255382784,0,Weak + Low Profit
Stories Zalka,TIRAMISU CUP,0.44210220930810645,0.9999999440352488,0,Weak + Low Profit
Stories Zalka,BLACK COFFEE LARGE,0.8803610167185834,0.9995749750266351,0,Weak + Low Profit
Stories Zalka,CARAMEL FRAPP SMALL,0.37036440995758224,0.9886975956226294,0,Weak + Low Profit
Stories Zalka,ICED MATCHA LATTE SMALL,0.6374467895935183,0.9781711923971638,0,Weak + Low Profit
Stories Zalka,ADD SHOT,0.6179448799523488,0.9713171065129871,0,Weak + Low Profit
Stories Zalka,CHOCOLATE SABLE,0.8760961697871534,0.9861658494542974,0,Weak + Low Profit
Stories Zalka,CHOCOLATE CRUNCH,0.6832710813177959,0.9850468062839456,0,Weak + Low Profit
Stories Zalka,CHOCOLATE QUELLA,0.917783542766584,0.9929007576478232,0,Weak + Low Profit
Stories Zalka,QUINOA SALAD (GRAB&GO),0.802335499810507,0.9994294432642752,0,Weak + Low Profit
Stories alay,ORIGINAL YOGHURT COMBO SMALL,0.8629408209284122,0.9974790377205344,0,Weak + Low Profit
Stories alay,BLUEBERRY YOGHURT COMBO SMALL,0.8032409240642419,0.9994515681245093,0,Weak + Low Profit
Stories alay,ICED LATTE MEDIUM,0.7909798900932811,0.9977774164813343,0,Weak + Low Profit
Stories alay,LATTE MEDIUM,0.8382431724767071,1.0,0,Weak + Low Profit
Stories alay,MANGO YOGHURT COMBO MEDIUM,0.9100455836810555,0.9967633853697995,0,Weak + Low Profit
Stories alay,LATTE SMALL,0.8222184325265622,0.9913189325235167,0,Weak + Low Profit
Stories alay,ICED SPANISH LATTE MEDIUM,0.9241576975165476,0.9975375962614856,0,Weak + Low Profit
Stories alay,ICED WHITE MOCHA MEDIUM,1.0,0.9985151973094788,2,Weak + Low Profit
Stories alay,WHITE MOCHA MEDIUM,1.0,1.00000039155359,2,Weak + Low Profit
Stories alay,CHOCOLATE YOGHURT COMBO MEDIUM,0.9566879005599,0.9969222636746417,2,Weak + Low Profit
Stories alay,LOTUS YOGHURT COMBO SMALL,1.0,0.9858245515474391,2,Weak + Low Profit
Stories alay,ICED MATCHA LATTE MEDIUM,0.7888574696591895,0.9947013995532014,0,Weak + Low Profit
Stories alay,ICED LATTE SMALL,0.8400446053522697,0.9932016538145331,0,Weak + Low Profit
Stories alay,WHITE MOCHA SMALL,0.8521503883828899,0.9846438873992089,0,Weak + Low Profit
Stories alay,CAPPUCCINO SMALL,0.8917315619735321,0.9753412856855609,0,Weak + Low Profit
Stories alay,CAPPUCCINO MEDIUM,0.7890741091650515,0.9999999795937236,0,Weak + Low Profit
Stories alay,BROWN TURKEY & CHEESE SUB,0.6016143470941746,0.9924066128137364,0,Weak + Low Profit
Stories alay,TURKEY & CHEESE SUB,0.628886196188292,0.9909910248119116,0,Weak + Low Profit
Stories alay,ICED WHITE MOCHA SMALL,0.9778143663469281,0.9927717226785566,2,Weak + Low Profit
Stories alay,FLAT WHITE,1.0,1.027594463694074,2,Weak + Low Profit
Stories alay,ICED LATTE LARGE,0.9056740327038739,0.9980422995180762,0,Weak + Low Profit
Stories alay,ICED WHITE MOCHA LARGE,1.0,0.9976977547060283,2,Weak + Low Profit
Stories alay,POMEGRANATE YOGHURT COMBO MEDIUM,0.8797659366130924,0.9974695848434949,0,Weak + Low Profit
Stories alay,ICED CARAMEL MACCHIATO SMALL,0.7584443543379286,0.9754602874104542,0,Weak + Low Profit
Stories alay,ICED MATCHA LATTE SMALL,0.7770436749342952,0.984814766402239,0,Weak + Low Profit
Stories alay,ADD SHOT,0.764365242167797,0.9959475519951791,0,Weak + Low Profit
Stories alay,ICED MATCHA LATTE LARGE,1.0,0.9932631112729382,2,Weak + Low Profit
Stories alay,ORANGE JUICE,0.8339584927934536,0.9999998891798899,0,Weak + Low Profit
Stories alay,BROWN PESTO HALLOUMI SUB,0.5307302040937124,0.985512058803153,0,Weak + Low Profit
Stories alay,ALMOND CROISSANT,1.0,1.0000002789978342,2,Weak + Low Profit
Stories alay,ICED AMERICANO SMALL,0.9811698255862227,0.9892201246971687,2,Weak + Low Profit
Stories alay,LATTE LARGE,0.7904692913008954,0.996968068037422,0,Weak + Low Profit
Stories alay,BROWNIES CAKE,0.7957445135864912,0.9570010903449288,0,Weak + Low Profit
Stories alay,HOT DOUBLE SHOT MEDIUM,0.958603227520786,0.9966701746787845,2,Weak + Low Profit
Stories alay,WHITE MOCHA FRAPP MEDIUM,0.8839943214254894,0.9814065989566491,0,Weak + Low Profit
Stories alay,CHOCOLATE CRUNCH,0.6017432874861913,0.9966780170990196,0,Weak + Low Profit
Stories alay,MOCHA FRAPP LARGE,0.6798653768506331,0.9813821137657438,0,Weak + Low Profit
Stories alay,WHITE MOCHA LARGE,0.7783206105496145,0.9924419754412801,0,Weak + Low Profit
Stories alay,NY STYLE COOKIE - CHOCOLATE CHIP WALNUT,0.43128797337266683,0.9775170705972315,0,Weak + Low Profit
Stories amioun,ORIGINAL YOGHURT COMBO SMALL,0.9871781186783959,0.9777396350077462,2,Weak + Low Profit
Stories amioun,BLUEBERRY YOGHURT COMBO SMALL,0.9990049602751998,0.996976104454805,2,Weak + Low Profit
Stories amioun,CHOCOLATE YOGHURT COMBO SMALL,0.9884708277143579,0.9900089833372403,2,Weak + Low Profit
Stories amioun,SALAD BAR 1 VISIT,1.2900665548053967,1.0,2,Weak + Low Profit
Stories amioun,ICED LATTE MEDIUM,0.8538476876787165,0.9977773963392716,0,Weak + Low Profit
Stories amioun,CARAMEL FRAPP MEDIUM,0.8476920106946301,0.9989355200442684,0,Weak + Low Profit
Stories amioun,CLASSIC CINNAMON ROLL LARGE,0.5389856018975713,0.9770498357933828,0,Weak + Low Profit
Stories amioun,ICED SPANISH LATTE MEDIUM,0.891940862835851,0.9977076039228134,0,Weak + Low Profit
Stories amioun,MANGO YOGHURT COMBO MEDIUM,0.5991167287156275,0.9967634359994452,0,Weak + Low Profit
Stories amioun,ICED MATCHA LATTE MEDIUM,0.8670663974069517,0.9948039053354601,0,Weak + Low Profit
Stories amioun,CHOCOLATE YOGHURT COMBO MEDIUM,0.9262820333571797,0.9969222255714374,0,Weak + Low Profit
Stories amioun,SPANISH LATTE MEDIUM,1.1442941682690344,1.0,2,Weak + Low Profit
Stories amioun,ICED WHITE MOCHA MEDIUM,0.6808334137853231,0.9985152341212487,0,Weak + Low Profit
Stories amioun,ICED CARAMEL MACCHIATO MEDIUM,0.8089423281252835,0.9980533684058662,0,Weak + Low Profit
Stories amioun,ICED LATTE SMALL,0.6601305265686909,0.9789265035546046,0,Weak + Low Profit
Stories amioun,MOCHA FRAPP MEDIUM,0.7579791571259604,0.9805196811312048,0,Weak + Low Profit
Stories amioun,CARAMEL CREAM  FRAPP MEDIUM,0.8414121850740728,0.9997232139331826,0,Weak + Low Profit
Stories amioun,NY STYLE COOKIE - CHOCOLATE CHIP WALNUT,0.7786829456559841,0.9781176857835796,0,Weak + Low Profit
Stories amioun,ICED SPANISH LATTE SMALL,0.8026954365513819,0.8678916049082868,0,Weak + Low Profit
Stories amioun,CARAMEL FRAPP SMALL,0.5025982033076638,0.9564188088008104,0,Weak + Low Profit
Stories amioun,CHICKEN CAESAR SANDWICH,0.819730887620589,0.9664372837454372,0,Weak + Low Profit
Stories amioun,EARL GREY LAVENDER TEA MEDIUM,1.0,1.0088053427561774,2,Weak + Low Profit
Stories amioun,LATTE LARGE,0.8787209439117909,0.9986799396292356,0,Weak + Low Profit
Stories amioun,CARAMEL MACHIATO SMALL,0.721898131404644,0.9661771111036345,0,Weak + Low Profit
Stories amioun,CARAMEL FRAPP LARGE,0.6663556401070763,0.9894413441942517,0,Weak + Low Profit
Stories amioun,CARROT CAKE,1.0,0.9765332967164878,2,Weak + Low Profit
Stories amioun,CLASSIC HOT CHOC SMALL,0.7012206848772842,0.9940177408311676,0,Weak + Low Profit
Stories amioun,ICED AMERICANO MEDIUM,0.7084432178685038,0.9997842552222599,0,Weak + Low Profit
Stories amioun,ICED LATTE LARGE,0.5960036620725147,0.998249530023495,0,Weak + Low Profit
Stories amioun,BROWN TUNA SUB,0.7549203865190462,0.9726046459036843,0,Weak + Low Profit
Stories amioun,CHICKEN TERIAKI SUB,0.7306007106311895,0.9643060765140162,0,Weak + Low Profit
Stories amioun,ICED WHITE MOCHA SMALL,0.5576112232190764,0.9937588628908242,0,Weak + Low Profit
Stories amioun,STRAWBERRY CREAM FRAPP SMALL,0.6363337390349337,0.9625915650658923,0,Weak + Low Profit
Stories amioun,VANILLA CREAM FRAPP MEDIUM,0.7203471642251613,0.994768333747545,0,Weak + Low Profit
Stories amioun,SWEET GINGER PEACH BLACK TEA MEDIUM,1.0,1.0071807786927531,2,Weak + Low Profit
Stories amioun,CHOCOLATE QUELLA,0.8879841955067618,1.0,0,Weak + Low Profit
Stories jbeil,AMERICANO SMALL,1.0,1.015424018003801,2,Weak + Low Profit
Stories jbeil,TIRAMISU CUP,1.0,1.076181065792883,2,Weak + Low Profit
Stories jbeil,WHITE MOCHA SMALL,0.5296251681203016,0.9911090739666226,0,Weak + Low Profit
Stories jbeil,BROWN CHICKEN TERIAKI SUB,1.0,1.0575859409108537,2,Weak + Low Profit
Stories jbeil,TUNA PASTA SALAD (GRAB&GO),1.0,1.065433949778264,2,Weak + Low Profit
Stories jbeil,ALMOND APPLE CAKE,1.0,2.0,2,Weak + Low Profit
Stories kaslik,CLASSIC CINNAMON ROLL LARGE,0.7169651628210846,0.9855323457261455,0,Weak + Low Profit
Stories kaslik,ICED SPANISH LATTE MEDIUM,1.0,0.9996382425637089,2,Weak + Low Profit
Stories kaslik,DOUBLE ESPRESSO,0.8744239260952659,0.9958048809572804,0,Weak + Low Profit
Stories kaslik,ESPRESSO,0.744009803887738,0.9969945564682375,0,Weak + Low Profit
Stories kaslik,SIGNATURE HOT CHOCOLATE SMALL,1.2017266801144426,1.0,2,Weak + Low Profit
Stories kaslik,ICED SPANISH LATTE SMALL,0.9846461426497449,0.8639502711625514,2,Weak + Low Profit
Stories kaslik,SIGNATURE HOT CHOCOLATE MEDIUM,1.0270518558352546,1.0,2,Weak + Low Profit
Stories kaslik,ICED MOCHA MEDIUM,1.1230150989364676,1.0,2,Weak + Low Profit
Stories kaslik,BROWN PESTO HALLOUMI SUB,0.7920496538023256,0.9626371317865721,0,Weak + Low Profit
Stories kaslik,CARAMEL FRAPP SMALL,0.5974998542861522,0.9676053235072608,0,Weak + Low Profit
Stories kaslik,HONEY PEANUT ST BITES,1.0,0.9999998353282276,2,Weak + Low Profit
Stories kaslik,NY STYLE COOKIE - CHOCOLATE CHIP WALNUT,0.8388923079155418,0.9775169894659793,0,Weak + Low Profit
Stories kaslik,CHICKEN CAESAR SANDWICH,0.8380641829897967,0.9762023166339062,0,Weak + Low Profit
Stories kaslik,TUNA PASTA SALAD (GRAB&GO),0.9829674027005372,0.996404927219506,2,Weak + Low Profit
Stories kaslik,COLD BREW BOTTLE,0.9118706070611485,0.9618108737008834,0,Weak + Low Profit
Stories kaslik,CHICKEN CAESER SALAD (GRAB&GO),1.0,0.9999991379753853,2,Weak + Low Profit
Stories kaslik,MOCHA FRAPP MEDIUM,0.5005779978497295,0.9972205971727155,0,Weak + Low Profit
Stories kaslik,ADD SHOT,0.6305328566093317,0.8627601836492388,0,Weak + Low Profit
Stories kaslik,BROWN TUNA SUB,0.7204939305824742,0.9843182965020962,0,Weak + Low Profit
Stories kaslik,ICED WHITE MOCHA SMALL,0.5731509325702142,0.9819813168158319,0,Weak + Low Profit
Stories kaslik,DOUBLE SHOT SHAKEN MEDIUM,0.5582819919899851,0.9949728764789885,0,Weak + Low Profit
Stories kaslik,CARROT CAKE,0.8266239477764745,0.9871921339678771,0,Weak + Low Profit
Stories kaslik,DOUBLE LONGO,1.0,0.9966995729919238,2,Weak + Low Profit
Stories kaslik,CHICKEN TERIAKI SUB,0.6324198230572912,0.9643057289882787,0,Weak + Low Profit
Stories raouche,ORIGINAL YOGHURT COMBO SMALL,0.7451454669548657,0.9670737919239835,0,Weak + Low Profit
Stories raouche,MANGO YOGHURT COMBO SMALL,0.7071152832308781,0.9967396074755506,0,Weak + Low Profit
Stories raouche,BLUEBERRY YOGHURT COMBO SMALL,0.676102923114676,0.9533575118073414,0,Weak + Low Profit
Stories raouche,CHOCOLATE YOGHURT COMBO SMALL,0.6936996200407749,0.9281783082315956,0,Weak + Low Profit
Stories raouche,DOUBLE ESPRESSO,0.9728449585242934,0.9955993215581286,2,Weak + Low Profit
Stories raouche,ICED MATCHA LATTE MEDIUM,1.0,1.0053598239752428,2,Weak + Low Profit
Stories raouche,ICED LATTE SMALL,0.5825595040419702,0.9986911020751855,0,Weak + Low Profit
Stories raouche,NY STYLE COOKIE - CHOCOLATE CHIP WALNUT,1.0,0.9815269236678358,2,Weak + Low Profit
Stories raouche,COLD BREW BOTTLE,0.9844512248661245,0.8770367757810864,2,Weak + Low Profit
Stories raouche,ICED WHITE MOCHA SMALL,0.7123877542973043,0.9104276257996002,0,Weak + Low Profit
Stories raouche,ENGLISH BREAKFAST TEA MEDIUM,1.0,0.9814128041902994,2,Weak + Low Profit
Stories raouche,LOTUS YOGHURT COMBO SMALL,0.36670318623721004,0.8239638502057317,0,Weak + Low Profit
Stories raouche,ICED PEACH TEA  MEDIUM,0.8944371685682367,0.996889275530884,0,Weak + Low Profit
Stories raouche,SALTED CARAMEL FRAPPE MEDIUM,0.8878979154244824,0.9984897922260713,0,Weak + Low Profit
Stories raouche,THYME CROISSANT,0.9774532636191806,0.9810496728711974,2,Weak + Low Profit
Stories raouche,NY STYLE COOKIE - DOUBLE CHOCOLATE,0.9227603642597707,0.9953343200223055,0,Weak + Low Profit
Stories raouche,DOUBLE SHOT SHAKEN SMALL,0.7157858068251945,0.6491572440074429,0,Weak + Low Profit
Stories sin el fil,SALAD BAR 1 VISIT,2.343188205399844,1.0,1,Weak + Low Profit
Stories sin el fil,ICED LATTE MEDIUM,1.0,0.9977773879877849,2,Weak + Low Profit
Stories sin el fil,LATTE SMALL,0.9547683786052389,0.9964914935951199,0,Weak + Low Profit
Stories sin el fil,ORIGINAL YOGHURT COMBO MEDIUM,1.0,0.9961758217295856,2,Weak + Low Profit
Stories sin el fil,DOUBLE ESPRESSO,1.0,1.00129392705154,2,Weak + Low Profit
Stories sin el fil,MANGO YOGHURT COMBO MEDIUM,0.6906935399472439,0.9967633998460125,0,Weak + Low Profit
Stories sin el fil,BLUEBERRY YOGHURT COMBO MEDIUM,0.9255134862874383,0.9964251179714905,0,Weak + Low Profit
Stories sin el fil,CARAMEL FRAPP MEDIUM,0.596173108973519,0.9996096257978868,0,Weak + Low Profit
Stories sin el fil,CHOCOLATE YOGHURT COMBO MEDIUM,0.9578739116531613,0.996922288239647,2,Weak + Low Profit
Stories sin el fil,LAZY CAKE,1.0,1.0198458771430121,2,Weak + Low Profit
Stories sin el fil,CAPPUCCINO SMALL,1.0,1.0001966631323476,2,Weak + Low Profit
Stories sin el fil,ICED MATCHA LATTE MEDIUM,0.7812268908957641,0.9947014600383061,0,Weak + Low Profit
Stories sin el fil,ICED WHITE MOCHA MEDIUM,0.6586755459086061,0.9985152486366567,0,Weak + Low Profit
Stories sin el fil,ICED LATTE SMALL,0.7856313550371886,0.9956727433731234,0,Weak + Low Profit
Stories sin el fil,WHITE MOCHA SMALL,0.624438845272972,0.7208987659967275,0,Weak + Low Profit
Stories sin el fil,ICED SPANISH LATTE SMALL,1.0,1.0102236227336419,2,Weak + Low Profit
Stories sin el fil,CHOCOLATE QUELLA CRUNCH,0.996119524678644,1.0,2,Weak + Low Profit
Stories sin el fil,CHOCOLATE ROLL LARGE,0.961700034006467,0.9329595963383286,2,Weak + Low Profit
Stories sin el fil,MOCHA FRAPP MEDIUM,0.7493765425746536,0.9792934457992214,0,Weak + Low Profit
Stories sin el fil,STRAWBERRY CREAM FRAPP MEDIUM,0.6760190040034083,0.9996955207055068,0,Weak + Low Profit
Stories sin el fil,BROWN PULLED BEEF CHIMICHURRI SANDWICH,1.0,0.9999999288842487,2,Weak + Low Profit
Stories sin el fil,ICED CARAMEL MACCHIATO MEDIUM,0.46591359418216566,0.9978630967680279,0,Weak + Low Profit
Stories sin el fil,ORANGE JUICE,0.9924062724090962,1.0,2,Weak + Low Profit
Stories sin el fil,DOUBLE SHOT SHAKEN MEDIUM,0.7918912362325079,0.9931497630127335,0,Weak + Low Profit
Stories sin el fil,CARAMEL FRAPP SMALL,0.46919754309679856,0.9916855143661559,0,Weak + Low Profit
Stories sin el fil,ICED AMERICANO MEDIUM,0.881421005272129,0.9997843623971178,0,Weak + Low Profit
Stories sin el fil,LATTE LARGE,0.9672243469715099,0.9969680890802228,2,Weak + Low Profit
Stories sin el fil,CHOCOLATE CREAM FRAPP MEDIUM,0.6924079202366173,0.9996566460418923,0,Weak + Low Profit
Stories sin el fil,TUNA SUB,0.9262700663110963,0.9726319060886636,0,Weak + Low Profit
Stories sin el fil,CARAMEL MACHIATO SMALL,0.7192986754010516,0.9911204455438056,0,Weak + Low Profit
Stories sin el fil,THYME CROISSANT,0.9866567158252305,0.964883576928133,2,Weak + Low Profit
Stories sin el fil,VEGETARIAN GRAPE LEAVES,1.0,1.000000063068202,2,Weak + Low Profit
Stories sin el fil,ICED LATTE LARGE,0.6015887818087761,0.9980421961278323,0,Weak + Low Profit
Stories sin el fil,ICED PEACH TEA  MEDIUM,0.8178013559673595,0.9968884903128383,0,Weak + Low Profit
Stories sin el fil,ROASTED CHICKEN,1.0,0.9999992825272904,2,Weak + Low Profit
Stories sin el fil,CARROT CAKE,0.9141244915700922,0.9765334955055888,0,Weak + Low Profit
Stories sin el fil,DOUBLE CHOCOLATE MUFFIN,0.7791375043746778,0.9974052205963776,0,Weak + Low Profit
Stories sin el fil,CHICKEN ALFREDO PASTA,1.0,0.9999996291787905,2,Weak + Low Profit
Stories sin el fil,ICED MOCHA MEDIUM,0.6115331108992368,0.998537000149729,0,Weak + Low Profit
Stories sin el fil,RED VELVET CAKE,0.6756344526851671,0.9996468505142388,0,Weak + Low Profit
Stories sin el fil,BROWN LABNEH SUB,1.0,0.9749544998781329,2,Weak + Low Profit
Stories sin el fil,BUTTER CHICKEN,1.0,1.000000677557461,2,Weak + Low Profit
Stories sin el fil,PESTO HALLOUMI SUB,0.7727941078804834,0.9577860218212055,0,Weak + Low Profit
Stories.,MANGO YOGHURT COMBO MEDIUM,2.164503444625893,1.0,1,Weak + Low Profit
Stories.,ORIGINAL YOGHURT COMBO SMALL,0.7018027709778566,0.9833100485740071,0,Weak + Low Profit
Stories.,LATTE MEDIUM,0.8264102071212063,0.9953099212641389,0,Weak + Low Profit
Stories.,WATER,0.6702228426870497,0.9798992229679219,0,Weak + Low Profit
Stories.,ORIGINAL YOGHURT COMBO MEDIUM,0.8409295846036349,0.9995320478427546,0,Weak + Low Profit
Stories.,LATTE SMALL,0.6308366440605216,0.9765962287613084,0,Weak + Low Profit
Stories.,ICED CARAMEL MACCHIATO MEDIUM,1.1986818628650548,1.0,2,Weak + Low Profit
Stories.,LAZY CAKE,0.9030505161995841,0.9349491053438179,0,Weak + Low Profit
Stories.,CAPPUCCINO SMALL,0.6350781988416901,0.9946102670032891,0,Weak + Low Profit
Stories.,AMERICANO SMALL,0.6556102502781387,0.9712147546617401,0,Weak + Low Profit
Stories.,CAPPUCCINO MEDIUM,0.5229017538688637,0.9959459897767676,0,Weak + Low Profit
Stories.,CHOCOLATE ROLL LARGE,0.8717585172201441,0.9275345362234445,0,Weak + Low Profit
Stories.,LOTUS YOGHURT COMBO SMALL,0.5087459101559788,0.9521540670172413,0,Weak + Low Profit
Stories.,HOT DOUBLE SHOT SMALL,1.286479575655387,1.0,2,Weak + Low Profit
Stories.,RED VELVET CAKE,0.966650828174408,0.9986593718402925,2,Weak + Low Profit
Stories.,MANGO YOGHURT COMBO X-LARGE,1.0239895160848547,1.0,2,Weak + Low Profit
Stories.,ADD CARAMEL DRIZZLE,1.0,1.0028755985970723,2,Weak + Low Profit
Stories.,CHEESE CROISSANT,0.47174837388227314,0.8463973910449634,0,Weak + Low Profit
Stories.,MACARONS,1.0,0.9882275704264812,2,Weak + Low Profit
Stories.,MOCHA SMALL,0.9527258168667685,0.936381185217806,0,Weak + Low Profit
Stories.,ICED MATCHA LATTE LARGE,0.9287681690716234,0.9971549342918786,0,Weak + Low Profit
Stories.,BLACK COFFEE SMALL,0.23044496930334996,0.7696249811581638,0,Weak + Low Profit
Stories.,MATCHA LATTE MEDIUM,0.9624707483602586,0.9906103665439044,2,Weak + Low Profit
Stories.,ICED AMERICANO SMALL,0.8944095861135938,0.9800155041616521,0,Weak + Low Profit
Stories.,AMERICANO MEDIUM,0.46755569042647827,0.9968809723022746,0,Weak + Low Profit
Stories.,MATCHA LATTE SMALL,1.0,0.9964082642374407,2,Weak + Low Profit
Stories.,DOUBLE SHOT SHAKEN SMALL,0.6637112445489802,0.9702286330298885,0,Weak + Low Profit
Stories.,BLUEBERRIES,1.0,0.9531185842783114,2,Weak + Low Profit
Stories.,FLAT WHITE,0.5292694313254378,0.9512752987502061,0,Weak + Low Profit
Stories.,ICED MOCHA SMALL,0.971562539330944,0.9911251079813413,2,Weak + Low Profit
Stories.,ICED LATTE LARGE,0.4813219506382334,1.0,0,Weak + Low Profit
Stories.,CHOCOLATE CROISSANT,0.4546448915160052,0.839890042946333,0,Weak + Low Profit
Stories.,SPANISH LATTE SMALL,0.42303345091903355,0.8278118116450959,0,Weak + Low Profit
Stories.,ICED AMERICANO MEDIUM,0.5308686000530273,0.9997453679688945,0,Weak + Low Profit
