Branch,Item,Item Share Deviation Ratio,Item Margin Deviation Ratio,Cluster,Category
Stories - Bir Hasan,ORIGINAL YOGHURT COMBO SMALL,0.8527203130366443,1.0070633700382265,0,Weak Demand + Profitable
Stories - Bir Hasan,CLASSIC CINNAMON ROLL LARGE,0.8814616231393376,1.0000931013283283,0,Weak Demand + Profitable
Stories - Bir Hasan,ICED LATTE MEDIUM,0.8272967459303564,1.0071298520893293,0,Weak Demand + Profitable
Stories - Bir Hasan,LATTE SMALL,0.7809719020144037,1.0003481618739107,0,Weak Demand + Profitable
Stories - Bir Hasan,ICED SPANISH LATTE MEDIUM,0.8218467250650038,1.0086503339739121,0,Weak Demand + Profitable
Stories - Bir Hasan,CHOCOLATE YOGHURT COMBO SMALL,0.41766806411967067,1.0055751135916922,0,Weak Demand + Profitable
Stories - Bir Hasan,BLUEBERRY YOGHURT COMBO MEDIUM,0.7507800261765567,1.0149281048497563,0,Weak Demand + Profitable
Stories - Bir Hasan,BROWN TURKEY & CHEESE SUB,0.6904342451213086,1.0134497565112224,0,Weak Demand + Profitable
Stories - Bir Hasan,CHEESE CROISSANT,0.7872054270685217,1.0040939727285938,0,Weak Demand + Profitable
Stories - Bir Hasan,CHOCOLATE YOGHURT COMBO MEDIUM,0.6092363708747186,1.0092096518243485,0,Weak Demand + Profitable
Stories - Bir Hasan,AMERICANO SMALL,0.6898997496592469,1.0075191727680497,0,Weak Demand + Profitable
Stories - Bir Hasan,SPANISH LATTE MEDIUM,0.75840210625406,1.010920559646471,0,Weak Demand + Profitable
Stories - Bir Hasan,CAPPUCCINO MEDIUM,0.6009068526083852,1.0099185198311653,0,Weak Demand + Profitable
Stories - Bir Hasan,BROWN PESTO HALLOUMI SUB,0.8338400770253204,1.0208797135311265,0,Weak Demand + Profitable
Stories - Bir Hasan,ICED SPANISH LATTE SMALL,0.9694732038395948,1.0027955103445938,2,Weak Demand + Profitable
Stories - Bir Hasan,CAPPUCCINO SMALL,0.5761562678866662,1.0076482157094881,0,Weak Demand + Profitable
Stories - Bir Hasan,AMERICANO MEDIUM,0.850185953643863,1.013168457568041,0,Weak Demand + Profitable
Stories - Bir Hasan,CHOCOLATE CROISSANT,0.9052638461366878,1.0178753475178757,0,Weak Demand + Profitable
Stories - Bir Hasan,STRAWBERRY CREAM FRAPP MEDIUM,0.7309608278704857,1.0104843872103528,0,Weak Demand + Profitable
Stories - Bir Hasan,CHICKEN CAESAR SANDWICH,0.9635779938076946,1.0167922016933912,2,Weak Demand + Profitable
Stories - Bir Hasan,SIGNATURE HOT CHOCOLATE SMALL,0.7664594973494856,1.0005392382565894,0,Weak Demand + Profitable
Stories - Bir Hasan,SIGNATURE HOT CHOCOLATE MEDIUM,0.7960812012901824,1.0114753879582434,0,Weak Demand + Profitable
Stories - Bir Hasan,ORIGINAL YOGHURT SMALL,0.7557698574376847,1.0232435735912422,0,Weak Demand + Profitable
Stories - Bir Hasan,CHOCOLATE CREAM FRAPP MEDIUM,0.6915467320920013,1.0095798502520812,0,Weak Demand + Profitable
Stories - Bir Hasan,LOTUS YOGHURT COMBO MEDIUM,0.819677783105479,1.0189620792778689,0,Weak Demand + Profitable
Stories - Bir Hasan,ICED MOCHA MEDIUM,0.6725691039374891,1.0070610788414651,0,Weak Demand + Profitable
Stories - Bir Hasan,ICED SALTED CARAMEL LATTE MEDIUM,0.9416829639898572,1.0156480274593715,0,Weak Demand + Profitable
Stories - Bir Hasan,MOCHA FRAPP LARGE,0.8229345872451518,1.0166534642377778,0,Weak Demand + Profitable
Stories - Bir Hasan,CARAMEL CREAM FRAPP SMALL,0.7935214034739492,1.0085964145068729,0,Weak Demand + Profitable
Stories - Bir Hasan,BLUE NADE,0.7732474109148143,1.003251879172886,0,Weak Demand + Profitable
Stories - Bir Hasan,TOFFEE NUT LATTE MEDIUM,0.978505944208387,1.0037965520476044,2,Weak Demand + Profitable
Stories - Bir Hasan,MOCHA FRAPP SMALL,0.9834865238278305,1.0142025690045275,2,Weak Demand + Profitable
Stories - Bir Hasan,CARAMEL CREAM  FRAPP MEDIUM,0.522934432187238,1.0050089638895285,0,Weak Demand + Profitable
Stories - Bir Hasan,MOCHA MEDIUM,0.5420495629101775,1.0076241617924242,0,Weak Demand + Profitable
Stories - Bir Hasan,ICED AMERICANO MEDIUM,0.6291809128570214,1.0055441202862376,0,Weak Demand + Profitable
Stories - Bir Hasan,ESPRESSO FRAPP SMALL,0.9421693454901134,1.0054665503619,0,Weak Demand + Profitable
Stories - Bir Hasan,REPLACE ALMOND MEDIUM,0.7195882956982169,1.0157224323205143,0,Weak Demand + Profitable
Stories Ain El Mreisseh,MANGO YOGHURT COMBO SMALL,0.943058924245384,1.0008628104209276,0,Weak Demand + Profitable
Stories Ain El Mreisseh,BLUEBERRY YOGHURT COMBO SMALL,0.870745689881258,1.000548431875491,0,Weak Demand + Profitable
Stories Ain El Mreisseh,CHOCOLATE YOGHURT COMBO SMALL,0.6913824100455036,1.0028004667067978,0,Weak Demand + Profitable
Stories Ain El Mreisseh,LOTUS YOGHURT COMBO SMALL,0.8132396522916993,1.0140687569934834,0,Weak Demand + Profitable
Stories Ain El Mreisseh,CHOCOLATE ROLL LARGE,0.9364330171639367,1.0355663725652962,0,Weak Demand + Profitable
Stories Ain El Mreisseh,CARAMEL MACHIATO SMALL,0.9602052201011957,1.00058386095546,2,Weak Demand + Profitable
Stories Ain El Mreisseh,STRAWBERRY CREAM FRAPP SMALL,0.9871766688855422,1.0314848587127279,2,Weak Demand + Profitable
Stories Ain El Mreisseh,ICED PEACH TEA  MEDIUM,0.9961745919675609,1.00218622218358,2,Weak Demand + Profitable
Stories Ain El Mreisseh,MOCHA SMALL,0.9267222858990682,1.0020098506134767,0,Weak Demand + Profitable
Stories Ain El Mreisseh,ICED MATCHA LATTE SMALL,0.6443712044651253,1.0045960297503205,0,Weak Demand + Profitable
Stories Ain El Mreisseh,CHOCOLATE CREAM FRAP SMALL,0.7006180075577229,1.002239499505146,0,Weak Demand + Profitable
Stories Ain El Mreisseh,THYME CROISSANT,0.8777334844704335,1.0053141283253282,0,Weak Demand + Profitable
Stories Ain El Mreisseh,REPLACE 1 SHOT YIRGACHEFFE,0.8599574723176217,1.000087310025121,0,Weak Demand + Profitable
Stories Ain El Mreisseh,CARAMEL CREAM FRAPP SMALL,0.7238169100064389,1.0011664540472431,0,Weak Demand + Profitable
Stories Airport,ORIGINAL YOGHURT COMBO SMALL,0.6119742815231589,1.0025376207974412,0,Weak Demand + Profitable
Stories Airport,LATTE MEDIUM,0.7758110262045558,1.0000000131681046,0,Weak Demand + Profitable
Stories Airport,LATTE SMALL,0.6851694188020356,1.0008891982710868,0,Weak Demand + Profitable
Stories Airport,DOUBLE ESPRESSO,0.7888379259060874,1.0023578681683258,0,Weak Demand + Profitable
Stories Airport,POMEGRANATE YOGHURT COMBO SMALL,0.6890209806022422,1.0114163338731028,0,Weak Demand + Profitable
Stories Airport,CHEESE CROISSANT,0.8614643674785966,1.0017770522059743,0,Weak Demand + Profitable
Stories Airport,CHOCOLATE CROISSANT,0.8585972595439993,1.0000000989825844,0,Weak Demand + Profitable
Stories Airport,ADD SHOT,0.9405420272327295,1.0610215367475044,0,Weak Demand + Profitable
Stories Airport,AMERICANO SMALL,0.5107539913713511,1.0049701856061046,0,Weak Demand + Profitable
Stories Airport,SPANISH LATTE SMALL,0.7824145363254966,1.0749324109717233,0,Weak Demand + Profitable
Stories Airport,ICED SPANISH LATTE SMALL,0.7470461913272143,1.0142801255796645,0,Weak Demand + Profitable
Stories Airport,DOUBLE SHOT SHAKEN SMALL,0.9968469108645506,1.039391810209538,2,Weak Demand + Profitable
Stories Airport,CARAMEL MACHIATO SMALL,0.8078840239018485,1.0050951981514087,0,Weak Demand + Profitable
Stories Airport,CLASSIC HOT CHOC SMALL,0.8252438711254484,1.0003628608311392,0,Weak Demand + Profitable
Stories Airport,ICED CARAMEL MACCHIATO SMALL,0.656097091691994,1.000644145743035,0,Weak Demand + Profitable
Stories Airport,AMERICANO MEDIUM,0.5502580789961742,1.003985679764459,0,Weak Demand + Profitable
Stories Airport,MOCHA SMALL,0.8936241621600951,1.0142890889208427,0,Weak Demand + Profitable
Stories Airport,ECLAIR ORIGINAL,0.8386721462765221,1.0534420444699673,0,Weak Demand + Profitable
Stories Airport,ECLAIR CHOCOLAT,0.776504440156699,1.053032566957463,0,Weak Demand + Profitable
Stories Airport,CHOCOLATE SABLE,0.795753980433162,1.0014014675413998,0,Weak Demand + Profitable
Stories Antelias,LATTE MEDIUM,0.9668845087114876,1.0072274633770344,2,Weak Demand + Profitable
Stories Antelias,WATER,0.5861027960582291,1.000572258400714,0,Weak Demand + Profitable
Stories Antelias,CARAMEL FRAPP MEDIUM,0.5259773028395485,1.0114338409605452,0,Weak Demand + Profitable
Stories Antelias,ICED SPANISH LATTE MEDIUM,0.6048657026373468,1.008757237630899,0,Weak Demand + Profitable
Stories Antelias,ICED WHITE MOCHA MEDIUM,0.7202247824078779,1.0074832002417469,0,Weak Demand + Profitable
Stories Antelias,ICED CARAMEL MACCHIATO MEDIUM,0.93246473005662,1.009673338492076,0,Weak Demand + Profitable
Stories Antelias,WHITE MOCHA MEDIUM,0.6873623085867274,1.0059371103166848,0,Weak Demand + Profitable
Stories Antelias,CARAMEL FRAPP SMALL,0.7620499936783965,1.0166616412523155,0,Weak Demand + Profitable
Stories Antelias,CARAMEL MACHIATO MEDIUM,0.9768342454608238,1.0081559574619872,2,Weak Demand + Profitable
Stories Antelias,MOCHA FRAPP MEDIUM,0.8993420359912585,1.013609035816346,0,Weak Demand + Profitable
Stories Antelias,SPANISH LATTE MEDIUM,0.6667770139799793,1.014214278019804,0,Weak Demand + Profitable
Stories Antelias,ESPRESSO,0.5286457050161709,1.0000017714508203,0,Weak Demand + Profitable
Stories Antelias,ICED SPANISH LATTE SMALL,0.8210366392661116,1.0057599312907586,0,Weak Demand + Profitable
Stories Antelias,NY STYLE COOKIE - CHOCOLATE CHIP WALNUT,0.7413253601297591,1.0041063277750157,0,Weak Demand + Profitable
Stories Antelias,ICED MOCHA MEDIUM,0.901413510181432,1.0075793963215716,0,Weak Demand + Profitable
Stories Antelias,SIGNATURE HOT CHOCOLATE MEDIUM,0.7896250525932798,1.0066424718240028,0,Weak Demand + Profitable
Stories Antelias,FLAT WHITE,0.8159199768189226,1.0398019402895444,0,Weak Demand + Profitable
Stories Antelias,CARAMEL FRAPP LARGE,0.7737257351362702,1.0151150061594654,0,Weak Demand + Profitable
Stories Antelias,ADD SHOT,0.7124661824827497,1.002466373500394,0,Weak Demand + Profitable
Stories Antelias,BROWN TUNA SUB,0.8384053715718499,1.0147396704001588,0,Weak Demand + Profitable
Stories Antelias,CHOCOLATE CREAM FRAPP MEDIUM,0.6250290447439195,1.0065125333901774,0,Weak Demand + Profitable
Stories Antelias,BLUEBERRY MUFFIN,0.989621461890142,1.0139324147531235,2,Weak Demand + Profitable
Stories Antelias,DOUBLE SHOT SHAKEN MEDIUM,0.624877007357544,1.0116553363074663,0,Weak Demand + Profitable
Stories Antelias,STRAWBERRY CREAM FRAPP MEDIUM,0.4854275191424205,1.0090428214400837,0,Weak Demand + Profitable
Stories Antelias,CHOCOLATE SABLE,0.9216940937189995,1.01445783356956,0,Weak Demand + Profitable
Stories Antelias,SPANISH LATTE SMALL,0.5414408162753807,1.0756451005060093,0,Weak Demand + Profitable
Stories Antelias,MACARONS,0.8687822935140135,1.0000118150523,0,Weak Demand + Profitable
Stories Antelias,FREEZE DROPS STRAWBERRY,0.936127573070468,1.02507066380408,0,Weak Demand + Profitable
Stories Antelias,THYME CROISSANT,0.9020295104684284,1.0174644285993426,0,Weak Demand + Profitable
Stories Antelias,WHITE MOCHA LARGE,0.8999186555126905,1.0242525941562652,0,Weak Demand + Profitable
Stories Antelias,FRAMBOISE CHEESE CAKE,0.7453730489478009,1.0411237262157567,0,Weak Demand + Profitable
Stories Antelias,ORIGINAL YOGHURT SMALL,0.5849239287376709,1.0188600331439335,0,Weak Demand + Profitable
Stories Antelias,HOT DOUBLE SHOT MEDIUM,0.8576207482640676,1.0289225371796835,0,Weak Demand + Profitable
Stories Antelias,BROWN CHICKEN CAESAR SANDWICH,0.4917619331662368,1.0182056224017508,0,Weak Demand + Profitable
Stories Antelias,AMERICANO LARGE,0.9644978681516113,1.0199935341385322,2,Weak Demand + Profitable
Stories Batroun,DOUBLE SHOT SHAKEN MEDIUM,0.9308179481084928,1.001129096062189,0,Weak Demand + Profitable
Stories Batroun,POMEGRANATE YOGHURT COMBO MEDIUM,0.9809953347490621,1.0001128234163166,2,Weak Demand + Profitable
Stories Batroun,OREO CREAM YOGHURT COMBO SMALL,0.8574995136818763,1.0038200389296963,0,Weak Demand + Profitable
Stories Batroun,ICED AMERICANO LARGE,0.8708762482573349,1.0001280603566578,0,Weak Demand + Profitable
Stories Batroun,ICED PEACH TEA  MEDIUM,0.7723051837757383,1.003107935488659,0,Weak Demand + Profitable
Stories Batroun,DOUBLE SHOT SHAKEN SMALL,0.7030695755508363,1.081122363600823,0,Weak Demand + Profitable
Stories Batroun,BLUE NADE,0.7122373156648324,1.0001314266102102,0,Weak Demand + Profitable
Stories Batroun,VANILLA CREAM FRAPP MEDIUM,0.7097707246514684,1.0003787273515181,0,Weak Demand + Profitable
Stories Batroun,RED VELVET CAKE,0.6464720023378863,1.000292523393977,0,Weak Demand + Profitable
Stories Bayada,CLASSIC CINNAMON ROLL LARGE,0.8976527900733215,1.005739677541947,0,Weak Demand + Profitable
Stories Bayada,BLUEBERRY YOGHURT COMBO MEDIUM,0.7397329310862988,1.0007745440992621,0,Weak Demand + Profitable
Stories Bayada,CARAMEL FRAPP SMALL,0.9887161778552193,1.0059237113896502,2,Weak Demand + Profitable
Stories Bayada,BROWN PESTO HALLOUMI SUB,0.9183604826011785,1.0010242553118542,0,Weak Demand + Profitable
Stories Bayada,CHOCOLATE CREAM FRAP SMALL,0.830284531907147,1.0076073648263744,0,Weak Demand + Profitable
Stories Bayada,LATTE LARGE,0.9229345509997772,1.0003340950525552,0,Weak Demand + Profitable
Stories Bayada,CARAMEL FRAPP LARGE,0.6976182223175043,1.0003364030864108,0,Weak Demand + Profitable
Stories Bayada,ICED WHITE MOCHA SMALL,0.6347087742671499,1.0038940452989886,0,Weak Demand + Profitable
Stories Bayada,ORANGE CAKE,0.8378089935123795,1.0005015890312614,0,Weak Demand + Profitable
Stories Bayada,CARAMEL CREAM FRAPP SMALL,0.8006395203467547,1.0027035203027617,0,Weak Demand + Profitable
Stories Centro Mall,PISTACHIO YOGHURT COMBO SMALL,0.8995592200517135,1.066642089848548,0,Weak Demand + Profitable
Stories Centro Mall,VANILLA CREAM FRAPP SMALL,0.9562345992176494,1.0013890386314888,2,Weak Demand + Profitable
Stories Centro Mall,ICED PEACH TEA  SMALL,0.8721949648157985,1.2207512736589747,0,Weak Demand + Profitable
Stories Event Starco,MOCHA FRAPP MEDIUM,0.9186270430496085,1.0108192414962511,0,Weak Demand + Profitable
Stories Event Starco,ICED SPANISH LATTE SMALL,0.9435625437545788,1.0195867682848423,0,Weak Demand + Profitable
Stories Event Starco,ICED MATCHA LATTE SMALL,0.8692718628320049,1.0046003793335696,0,Weak Demand + Profitable
Stories Event Starco,SIGNATURE HOT CHOCOLATE SMALL,0.7344560979434561,1.0151545862481521,0,Weak Demand + Profitable
Stories Event Starco,ADD SHOT,0.815823786957891,1.0760310429622022,0,Weak Demand + Profitable
Stories Event Starco,STRAWBERRY CREAM FRAPP MEDIUM,0.5940806343618885,1.0043929091191701,0,Weak Demand + Profitable
Stories Event Starco,BLACK COFFEE SMALL,0.3001539085487385,1.0336799730603776,0,Weak Demand + Profitable
Stories Event Starco,MOCHA MEDIUM,0.72829671473794,1.0000793584342438,0,Weak Demand + Profitable
Stories Event Starco,FLAT WHITE,0.7297144015971697,1.0358742816883153,0,Weak Demand + Profitable
Stories Event Starco,ICED CARAMEL MACCHIATO SMALL,0.6165914099298664,1.0012747985912966,0,Weak Demand + Profitable
Stories Event Starco,ECLAIR CHOCOLAT,0.7994410972068063,1.0530316752938862,0,Weak Demand + Profitable
Stories Event Starco,SAN BENEDETTO LEMON 330ML/24,0.7219684485066582,1.0000048038127411,0,Weak Demand + Profitable
Stories Event Starco,ICED CLASSIC CHOC SMALL,0.8816060265435695,1.000812297584973,0,Weak Demand + Profitable
Stories Event Starco,ECLAIR ORIGINAL,0.6452276915369345,1.0534461405890065,0,Weak Demand + Profitable
Stories Event Starco,TOFFEE NUT LATTE SMALL,0.8232645092539081,1.0088047824507766,0,Weak Demand + Profitable
Stories Event Starco,ICED MOCHA SMALL,0.7846922779490125,1.0117333798646824,0,Weak Demand + Profitable
Stories Event Starco,SALTED CARAMEL LATTE SMALL,0.7811960087513004,1.0056305078080277,0,Weak Demand + Profitable
Stories Event Starco,ECLAIR CARAMEL,0.7776690162526877,1.0595298965167652,0,Weak Demand + Profitable
Stories Event Starco,VANILLA FRAPP MEDIUM,0.5886454763005655,1.0149032851075805,0,Weak Demand + Profitable
Stories Faqra,BLUEBERRY YOGHURT COMBO MEDIUM,0.9467437882427723,1.0368669807453248,0,Weak Demand + Profitable
Stories Faqra,CHOCOLATE YOGHURT COMBO SMALL,0.24674152531534152,1.0420411366236375,0,Weak Demand + Profitable
Stories Faqra,CAPPUCCINO MEDIUM,0.6193800180113631,1.0006245319635092,0,Weak Demand + Profitable
Stories Faqra,ESPRESSO,0.6458443536551532,1.003619559370914,0,Weak Demand + Profitable
Stories Faqra,MOCHA FRAPP MEDIUM,0.8081862745214108,1.0242315865264164,0,Weak Demand + Profitable
Stories Faqra,SIGNATURE HOT CHOCOLATE MEDIUM,0.9275088345839263,1.0054470552414072,0,Weak Demand + Profitable
Stories Faqra,CARAMEL CREAM  FRAPP MEDIUM,0.8725095620491907,1.0199458537672457,0,Weak Demand + Profitable
Stories Faqra,NY STYLE COOKIE - CHOCOLATE CHIP WALNUT,0.7559842586433814,1.0186458673567966,0,Weak Demand + Profitable
Stories Faqra,ICED MOCHA MEDIUM,0.9251897231686401,1.010756273672807,0,Weak Demand + Profitable
Stories Faqra,CHOCOLATE CREAM FRAPP MEDIUM,0.8081488028235438,1.0349752905209322,0,Weak Demand + Profitable
Stories Faqra,CARAMEL FRAPP LARGE,0.8541889880559408,1.0141496372692484,0,Weak Demand + Profitable
Stories Faqra,FONDANT AU CHOCOLAT,0.7141478369681954,1.040912276317422,0,Weak Demand + Profitable
Stories Faqra,STRAWBERRY CREAM FRAPP SMALL,0.7826112827596995,1.060399019883492,0,Weak Demand + Profitable
Stories Faqra,ORANGE JUICE,0.8129913796286837,1.0018825565760674,0,Weak Demand + Profitable
Stories Faqra,ICED MATCHA LATTE LARGE,0.8790625786133853,1.0402508225231433,0,Weak Demand + Profitable
Stories Faqra,CARAMEL CREAM FRAPP SMALL,0.793750364868329,1.0279399767269168,0,Weak Demand + Profitable
Stories Faqra,FREEZE DROPS STRAWBERRY,0.9078914285953471,1.0056377455263747,0,Weak Demand + Profitable
Stories Faqra,CHOCOLATE CREAM FRAP SMALL,0.6302319924026175,1.0460388341897402,0,Weak Demand + Profitable
Stories Faqra,ORIGINAL YOGHURT COMBO X-LARGE,0.6986347189483665,1.0136865601694254,0,Weak Demand + Profitable
Stories Faqra,DOUBLE CHOCOLATE MUFFIN,0.710751583913987,1.0001953057283743,0,Weak Demand + Profitable
Stories Faqra,VANILLA CREAM FRAPP MEDIUM,0.6670032061522994,1.0390331525098648,0,Weak Demand + Profitable
Stories Faqra,ADD CARAMEL MEDIUM,0.94904101592241,1.0213766989704098,0,Weak Demand + Profitable
Stories Faqra,ICED CARAMEL MACCHIATO LARGE,0.864618051420439,1.0064408251251094,0,Weak Demand + Profitable
Stories Faqra,AMERICANO LARGE,0.8574749523693733,1.0048567195046993,0,Weak Demand + Profitable
Stories Faqra,WHITE MOCHA FRAPP MEDIUM,0.8199205746869391,1.0116311455695501,0,Weak Demand + Profitable
Stories Faqra,SAN BENEDETTO CLEMENTINE 330ML/24,0.7324873348927876,1.019240430806325,0,Weak Demand + Profitable
Stories Faqra,MANGO YOGHURT COMBO X-LARGE,0.6305620378264166,1.0181942184186024,0,Weak Demand + Profitable
Stories Faqra,MOCHA SMALL,0.6578050674452254,1.0001787579783163,0,Weak Demand + Profitable
Stories Faqra,COFFEE FRAPPE MEDIUM,0.9617038805964843,1.0222400975706505,2,Weak Demand + Profitable
Stories Faqra,MOCHA FRAPP SMALL,0.8122663558812375,1.0377522551956766,0,Weak Demand + Profitable
Stories Faqra,ADD VANILLA SF MEDIUM,0.8558053030391238,1.0386086082886061,0,Weak Demand + Profitable
Stories Faqra,BROWNIES CAKE,0.5826694345800958,1.0306500230652182,0,Weak Demand + Profitable
Stories Faqra,CHOCOLATE QUELLA,0.7540828320346139,1.0799044733817431,0,Weak Demand + Profitable
Stories Faqra,CHOCOLATE YOGHURT COMBO MEDIUM,0.22307061047166873,1.0763013939452737,0,Weak Demand + Profitable
Stories Khaldeh,ICED LATTE MEDIUM,0.9581850880746487,1.0011739961931505,2,Weak Demand + Profitable
Stories Khaldeh,LATTE SMALL,0.865734851322564,1.001096128821991,0,Weak Demand + Profitable
Stories Khaldeh,ORIGINAL YOGHURT COMBO MEDIUM,0.9190146419613088,1.0060019291094489,0,Weak Demand + Profitable
Stories Khaldeh,BROWN TURKEY & CHEESE SUB,0.9290966115249312,1.0059770975715068,0,Weak Demand + Profitable
Stories Khaldeh,ESPRESSO,0.9739710888318144,1.0001175834068663,2,Weak Demand + Profitable
Stories Khaldeh,ICED LATTE SMALL,0.7725678273665977,1.0012946233892515,0,Weak Demand + Profitable
Stories Khaldeh,AMERICANO SMALL,0.7052893490265643,1.0018877441273615,0,Weak Demand + Profitable
Stories Khaldeh,AMERICANO MEDIUM,0.7723727102831636,1.00093495738992,0,Weak Demand + Profitable
Stories Khaldeh,ICED AMERICANO MEDIUM,0.9156887316518268,1.00052294957808,0,Weak Demand + Profitable
Stories Khaldeh,ICED CARAMEL MACCHIATO SMALL,0.7283556906903862,1.0024110225854141,0,Weak Demand + Profitable
Stories Khaldeh,CHICKEN CAESAR SANDWICH,0.7558862525365485,1.0166635521252652,0,Weak Demand + Profitable
Stories Khaldeh,CHOCOLATE CROISSANT,0.6437707549463009,1.0043146436650243,0,Weak Demand + Profitable
Stories Khaldeh,CHOCOLATE YOGHURT COMBO MEDIUM,0.3329830573269928,1.0040487892428835,0,Weak Demand + Profitable
Stories Khaldeh,MANGO YOGHURT COMBO X-LARGE,0.8720699810618712,1.003822394724751,0,Weak Demand + Profitable
Stories Khaldeh,CHOCOLATE CRUNCH,0.752299749827472,1.0060668241024184,0,Weak Demand + Profitable
Stories Khaldeh,RED VELVET CAKE,0.7760265841461089,1.0037509553363964,0,Weak Demand + Profitable
Stories Khaldeh,WHITE MOCHA LARGE,0.9761908539368261,1.0014886943095387,2,Weak Demand + Profitable
Stories Khaldeh,TUNA PASTA SALAD (GRAB&GO),0.7750926132141104,1.0070764341821963,0,Weak Demand + Profitable
Stories Khaldeh,ICED SALTED CARAMEL LATTE MEDIUM,0.9573218556829596,1.003030837350615,2,Weak Demand + Profitable
Stories Khaldeh,BROWN CHICKEN CAESAR SANDWICH,0.5627219847391824,1.0016454741792247,0,Weak Demand + Profitable
Stories Khaldeh,CHOCOLATE ROLL LARGE,0.5605973802341528,1.004503823346085,0,Weak Demand + Profitable
Stories Khaldeh,PISTACHIO CRUNCH,0.7663980720345701,1.00936223047895,0,Weak Demand + Profitable
Stories Khaldeh,ORIGINAL YOGHURT COMBO X-LARGE,0.7673519720522847,1.007312348362174,0,Weak Demand + Profitable
Stories Khaldeh,ORANGE JUICE,0.7099858451443193,1.001346571105565,0,Weak Demand + Profitable
Stories Khaldeh,BLUEBERRY YOGHURT COMBO X-LARGE,0.9597642979963589,1.0073719008496331,2,Weak Demand + Profitable
Stories Khaldeh,CARROT CAKE,0.8772763565230567,1.009993483596712,0,Weak Demand + Profitable
Stories LAU,ICED LATTE MEDIUM,0.8240794157026365,1.00535446864617,0,Weak Demand + Profitable
Stories LAU,LATTE SMALL,0.8300434276861852,1.0031744895279218,0,Weak Demand + Profitable
Stories LAU,CARAMEL FRAPP MEDIUM,0.8568235237461853,1.005645107128616,0,Weak Demand + Profitable
Stories LAU,LATTE MEDIUM,0.6874210090224357,1.007325161876588,0,Weak Demand + Profitable
Stories LAU,BLUEBERRY YOGHURT COMBO SMALL,0.4625001216364817,1.0027962032764561,0,Weak Demand + Profitable
Stories LAU,ICED WHITE MOCHA MEDIUM,0.8844654430534478,1.0054758821705079,0,Weak Demand + Profitable
Stories LAU,WHITE MOCHA MEDIUM,0.9519580454920792,1.0037567152532652,0,Weak Demand + Profitable
Stories LAU,BROWN TURKEY & CHEESE SUB,0.7605884665707666,1.0063310374684014,0,Weak Demand + Profitable
Stories LAU,SPANISH LATTE MEDIUM,0.9964362325409105,1.0109977462302517,2,Weak Demand + Profitable
Stories LAU,AMERICANO SMALL,0.8805587374424514,1.006432915318094,0,Weak Demand + Profitable
Stories LAU,CAPPUCCINO MEDIUM,0.7163340876824411,1.0094883477732028,0,Weak Demand + Profitable
Stories LAU,CAPPUCCINO SMALL,0.736732442755708,1.0042096147395325,0,Weak Demand + Profitable
Stories LAU,NY STYLE COOKIE - CHOCOLATE CHIP WALNUT,0.9922613370921618,1.0131439056045402,2,Weak Demand + Profitable
Stories LAU,BROWN PESTO HALLOUMI SUB,0.8080518252663308,1.0206629570345762,0,Weak Demand + Profitable
Stories LAU,CARAMEL CREAM  FRAPP MEDIUM,0.9662455232771785,1.000448041737812,2,Weak Demand + Profitable
Stories LAU,ICED LATTE LARGE,0.9961547638186381,1.0115872650386417,2,Weak Demand + Profitable
Stories LAU,MOCHA FRAPP MEDIUM,0.8173466300262003,1.0171866035024104,0,Weak Demand + Profitable
Stories LAU,CHOCOLATE CREAM FRAPP MEDIUM,0.9370021287710235,1.0015985095197106,0,Weak Demand + Profitable
Stories LAU,STRAWBERRY CREAM FRAPP MEDIUM,0.7240842741221304,1.0036770879345216,0,Weak Demand + Profitable
Stories LAU,STRAWBERRY CREAM FRAPP SMALL,0.9982860796592745,1.0090846623215715,2,Weak Demand + Profitable
Stories LAU,ICED WHITE MOCHA LARGE,0.9710476564477681,1.0112701560791868,2,Weak Demand + Profitable
Stories LAU,BROWN CHICKEN CAESAR SANDWICH,0.7310118064984001,1.003166030856938,0,Weak Demand + Profitable
Stories LAU,CHOCOLATE CREAM FRAP SMALL,0.8776567703672281,1.016410194574528,0,Weak Demand + Profitable
Stories LAU,BROWN TUNA SUB,0.9140733161128417,1.0137266189195253,0,Weak Demand + Profitable
Stories LAU,BROWNIES CAKE,0.9262378518200924,1.0266516472225697,0,Weak Demand + Profitable
Stories LAU,CHOCOLATE YOGHURT COMBO X-LARGE,0.9583576385470869,1.0176715915146322,2,Weak Demand + Profitable
Stories LAU,REPLACE ALMOND MEDIUM,0.9224232158962506,1.0036378134230006,0,Weak Demand + Profitable
Stories LAU,SIGNATURE HOT CHOCOLATE MEDIUM,0.6208931705634821,1.0099753212179086,0,Weak Demand + Profitable
Stories LAU,WHITE MOCHA LARGE,0.9002220336274444,1.0251424109902936,0,Weak Demand + Profitable
Stories LAU,ICED AMERICANO MEDIUM,0.6629576477117192,1.0012211937840472,0,Weak Demand + Profitable
Stories LAU,MATCHA LATTE MEDIUM,0.9383803077472018,1.0135211238054989,0,Weak Demand + Profitable
Stories LAU,MATCHA CREAM FRAPP MEDIUM,0.917014138463377,1.0014115530068195,0,Weak Demand + Profitable
Stories LAU,FREEZE DROPS STRAWBERRY,0.8302877884861816,1.0180118701676288,0,Weak Demand + Profitable
Stories LAU,CHICKEN TERIAKI SUB,0.6358016852760123,1.0145392891265375,0,Weak Demand + Profitable
Stories LAU,MANGO YOGHURT SMALL,0.8872261219119507,1.0079522260192542,0,Weak Demand + Profitable
Stories LAU,THYME CROISSANT,0.7719825624201734,1.0247819878224744,0,Weak Demand + Profitable
Stories LAU,VANILLA CREAM FRAPP SMALL,0.7692407455447926,1.0051383954888808,0,Weak Demand + Profitable
Stories LAU,ICED MOCHA MEDIUM,0.5230228959547131,1.0062444969123345,0,Weak Demand + Profitable
Stories LAU,DOUBLE CHOCOLATE MUFFIN,0.6472365453850868,1.0061170101741035,0,Weak Demand + Profitable
Stories LAU,MATCHA LATTE SMALL,0.9006864733652584,1.01263847632183,0,Weak Demand + Profitable
Stories LAU,ICED CARAMEL MACCHIATO LARGE,0.8013759637138379,1.012511414280241,0,Weak Demand + Profitable
Stories LAU,COFFEE FRAPPE MEDIUM,0.8747757870422712,1.0242375786992963,0,Weak Demand + Profitable
Stories Le Mall,LOTUS YOGHURT COMBO SMALL,0.5339123908310734,1.003003691468578,0,Weak Demand + Profitable
Stories Le Mall,ESPRESSO,0.5134770135436866,1.0003624857926972,0,Weak Demand + Profitable
Stories Le Mall,SIGNATURE HOT CHOCOLATE SMALL,0.7587755838142973,1.01433265452703,0,Weak Demand + Profitable
Stories Le Mall,CARAMEL FRAPP SMALL,0.4960279803370498,1.001563203331358,0,Weak Demand + Profitable
Stories Le Mall,NY STYLE COOKIE - CHOCOLATE CHIP WALNUT,0.6342011218270215,1.001900891809518,0,Weak Demand + Profitable
Stories Le Mall,CHICKEN CAESAR SANDWICH,0.7378781741104851,1.0001206443911417,0,Weak Demand + Profitable
Stories Le Mall,WHITE MOCHA SMALL,0.3549977213359932,1.0314342530272835,0,Weak Demand + Profitable
Stories Le Mall,CHOCOLATE CREAM FRAP SMALL,0.7546948230257224,1.00983803749556,0,Weak Demand + Profitable
Stories Le Mall,CARAMEL CREAM FRAPP SMALL,0.6576495561841049,1.0034569546650045,0,Weak Demand + Profitable
Stories Mansourieh,MANGO YOGHURT COMBO SMALL,0.8093164725628699,1.0143182815856384,0,Weak Demand + Profitable
Stories Mansourieh,BLUEBERRY YOGHURT COMBO SMALL,0.8900776408000869,1.0107575008681444,0,Weak Demand + Profitable
Stories Mansourieh,LATTE MEDIUM,0.7979862432873172,1.0030234199870978,0,Weak Demand + Profitable
Stories Mansourieh,MANGO YOGHURT COMBO MEDIUM,0.8874339064185073,1.0008825807858102,0,Weak Demand + Profitable
Stories Mansourieh,LATTE SMALL,0.7678794378876189,1.0036587082883066,0,Weak Demand + Profitable
Stories Mansourieh,CARAMEL FRAPP MEDIUM,0.6358691770664981,1.0001905521680523,0,Weak Demand + Profitable
Stories Mansourieh,DOUBLE ESPRESSO,0.6098831048147727,1.0057027282894404,0,Weak Demand + Profitable
Stories Mansourieh,CAPPUCCINO MEDIUM,0.8648983456830724,1.0035649526081734,0,Weak Demand + Profitable
Stories Mansourieh,ICED CARAMEL MACCHIATO MEDIUM,0.9027723390881247,1.001741794504216,0,Weak Demand + Profitable
Stories Mansourieh,CAPPUCCINO SMALL,0.8929263134284555,1.0024398389572222,0,Weak Demand + Profitable
Stories Mansourieh,CHEESE CROISSANT,0.9885528268751655,1.0102732337146876,2,Weak Demand + Profitable
Stories Mansourieh,WHITE MOCHA MEDIUM,0.5875596021823567,1.00518157700014,0,Weak Demand + Profitable
Stories Mansourieh,ESPRESSO,0.600697651107747,1.0007650247212796,0,Weak Demand + Profitable
Stories Mansourieh,SPANISH LATTE MEDIUM,0.5899685590913066,1.004752620499737,0,Weak Demand + Profitable
Stories Mansourieh,STRAWBERRY CREAM FRAPP MEDIUM,0.6597179067540856,1.000514190263367,0,Weak Demand + Profitable
Stories Mansourieh,SIGNATURE HOT CHOCOLATE SMALL,0.7116098331804185,1.0071288420153277,0,Weak Demand + Profitable
Stories Mansourieh,FLAT WHITE,0.8054923442360825,1.0231144698954249,0,Weak Demand + Profitable
Stories Mansourieh,CHOCOLATE SALTED CAKE,0.8380012897964447,1.0120748437481493,0,Weak Demand + Profitable
Stories Mansourieh,DOUBLE CHOCOLATE MUFFIN,0.9118787733376945,1.000693257176837,0,Weak Demand + Profitable
Stories Mansourieh,REPLACE ALMOND MEDIUM,0.9243994824937956,1.004650083729378,0,Weak Demand + Profitable
Stories Mansourieh,CARAMEL MACHIATO MEDIUM,0.5181786567982052,1.0073499091968625,0,Weak Demand + Profitable
Stories Mansourieh,BLUEBERRY CHEESE CAKE,0.8406224238073772,1.1422969375978418,0,Weak Demand + Profitable
Stories Mansourieh,ADD SHOT,0.6626303641263958,1.0467344467094257,0,Weak Demand + Profitable
Stories Mansourieh,ICED CARAMEL MACCHIATO SMALL,0.5862379431611664,1.0048246729441073,0,Weak Demand + Profitable
Stories Mansourieh,LOTUS CHEESE CAKE,0.8776089715304953,1.0652331733684695,0,Weak Demand + Profitable
Stories Mansourieh,RIM SPARKLING WATER-250 ML,0.9390793604155759,1.0357412824670935,0,Weak Demand + Profitable
Stories Mansourieh,SAN BENEDETTO CLEMENTINE 330ML/24,0.882867547093643,1.0007046417379584,0,Weak Demand + Profitable
Stories Mansourieh,ICED AMERICANO SMALL,0.8396924792465675,1.0038747652136781,0,Weak Demand + Profitable
Stories Mansourieh,CHOCOLATE SABLE,0.7618014285567865,1.0057587949420876,0,Weak Demand + Profitable
Stories Mansourieh,MOCHA SMALL,0.7116111931618245,1.00517119680909,0,Weak Demand + Profitable
Stories Ramlet El Bayda,ORIGINAL YOGHURT COMBO SMALL,0.8710591009895952,1.0021209415640784,0,Weak Demand + Profitable
Stories Ramlet El Bayda,CHOCOLATE YOGHURT COMBO SMALL,0.5536685729016589,1.0028853752280151,0,Weak Demand + Profitable
Stories Ramlet El Bayda,POMEGRANATE YOGHURT COMBO SMALL,0.8835121368179144,1.0060541651018409,0,Weak Demand + Profitable
Stories Ramlet El Bayda,LOTUS YOGHURT COMBO SMALL,0.9222778757973246,1.0257612102955993,0,Weak Demand + Profitable
Stories Ramlet El Bayda,BLACK COFFEE SMALL,0.6542751777027865,1.0002271935093778,0,Weak Demand + Profitable
Stories Ramlet El Bayda,AMERICANO MEDIUM,0.9623779741619527,1.0010860726967237,2,Weak Demand + Profitable
Stories Ramlet El Bayda,SPANISH LATTE SMALL,0.9174833161104461,1.0704111847457431,0,Weak Demand + Profitable
Stories Ramlet El Bayda,BLUEBERRY YOGHURT COMBO MEDIUM,0.38033398257765455,1.0001417516045166,0,Weak Demand + Profitable
Stories Ramlet El Bayda,CARAMEL MACHIATO SMALL,0.8086272608839391,1.0005663192629157,0,Weak Demand + Profitable
Stories Ramlet El Bayda,BLUEBERRY CHEESE CAKE,0.8516262500805835,1.007438168547912,0,Weak Demand + Profitable
Stories Ramlet El Bayda,NY STYLE COOKIE - DOUBLE CHOCOLATE,0.9537077914387271,1.0028939913467383,0,Weak Demand + Profitable
Stories Ramlet El Bayda,STRAWBERRY CREAM FRAPP SMALL,0.7017393909752689,1.029257535403932,0,Weak Demand + Profitable
Stories Ramlet El Bayda,COLD BREW BOTTLE,0.7548539739355108,1.0602777680944322,0,Weak Demand + Profitable
Stories Saida,ICED LATTE MEDIUM,0.6630529540815536,1.000829280971763,0,Weak Demand + Profitable
Stories Saida,MANGO YOGHURT COMBO MEDIUM,0.8664348166541873,1.0005670847715917,0,Weak Demand + Profitable
Stories Saida,ICED SPANISH LATTE MEDIUM,0.9972748925692383,1.0007756425154748,2,Weak Demand + Profitable
Stories Saida,ORIGINAL YOGHURT COMBO MEDIUM,0.9389772795858243,1.0054933083031639,0,Weak Demand + Profitable
Stories Saida,ICED WHITE MOCHA MEDIUM,0.9133162300104278,1.0003049336349465,0,Weak Demand + Profitable
Stories Saida,ICED MATCHA LATTE MEDIUM,0.9481212510570994,1.0008920581882323,0,Weak Demand + Profitable
Stories Saida,TURKEY & CHEESE SUB,0.9908007763434191,1.0073991108092581,2,Weak Demand + Profitable
Stories Saida,BROWN TURKEY & CHEESE SUB,0.7413028751717513,1.0044410554052652,0,Weak Demand + Profitable
Stories Saida,NY STYLE COOKIE - CHOCOLATE CHIP WALNUT,0.9262278737076909,1.0031060760751789,0,Weak Demand + Profitable
Stories Saida,SIGNATURE HOT CHOCOLATE SMALL,0.9176606555859508,1.0121231325222149,0,Weak Demand + Profitable
Stories Saida,CHOCOLATE ROLL LARGE,0.9150142701636786,1.0010473104869277,0,Weak Demand + Profitable
Stories Saida,DOUBLE SHOT SHAKEN MEDIUM,0.9857834515220093,1.00108661541381,2,Weak Demand + Profitable
Stories Saida,ICED SPANISH LATTE SMALL,0.8291837878017226,1.0025014918082529,0,Weak Demand + Profitable
Stories Saida,ICED MOCHA MEDIUM,0.9545852703697664,1.0005448504485885,0,Weak Demand + Profitable
Stories Saida,ICED CARAMEL MACCHIATO SMALL,0.8317558988972631,1.0034506739161093,0,Weak Demand + Profitable
Stories Saida,ADD SHOT,0.8497494127181607,1.027673212162982,0,Weak Demand + Profitable
Stories Saida,RED VELVET CAKE,0.9083677902464019,1.0008372104146273,0,Weak Demand + Profitable
Stories Saida,ICED MATCHA LATTE SMALL,0.7363627750947753,1.0038976381597868,0,Weak Demand + Profitable
Stories Saida,ICED WHITE MOCHA SMALL,0.677415611947586,1.0139877778910669,0,Weak Demand + Profitable
Stories Saida,ICED MATCHA LATTE LARGE,0.9070046786536007,1.0000164207764708,0,Weak Demand + Profitable
Stories Saida,BROWN CHICKEN CAESAR SANDWICH,0.5178879779719944,1.011092231830921,0,Weak Demand + Profitable
Stories Saida,LATTE LARGE,0.7261236135471772,1.002120877404949,0,Weak Demand + Profitable
Stories Saida,ORANGE JUICE,0.6642356244746362,1.0005021161344452,0,Weak Demand + Profitable
Stories Saida,ICED AMERICANO MEDIUM,0.6393037499303649,1.0001071656141227,0,Weak Demand + Profitable
Stories Saida,CHICKEN CAESAR SANDWICH,0.5786530178387636,1.014196410342263,0,Weak Demand + Profitable
Stories Saida,ORIGINAL YOGHURT COMBO X-LARGE,0.6432356840347788,1.01033599583876,0,Weak Demand + Profitable
Stories Sour 2,ORIGINAL YOGHURT COMBO SMALL,0.7100927497892556,1.020520074175777,0,Weak Demand + Profitable
Stories Sour 2,WATER,0.9529199780587612,1.0245332522769641,0,Weak Demand + Profitable
Stories Sour 2,ICED LATTE MEDIUM,0.9656989109620108,1.0194293988663523,2,Weak Demand + Profitable
Stories Sour 2,CHOCOLATE YOGHURT COMBO SMALL,0.7943804355577034,1.0098619451969082,0,Weak Demand + Profitable
Stories Sour 2,LATTE MEDIUM,0.8145353787228856,1.0285588299761321,0,Weak Demand + Profitable
Stories Sour 2,ORIGINAL YOGHURT COMBO MEDIUM,0.8069361136105972,1.0305799826068593,0,Weak Demand + Profitable
Stories Sour 2,LATTE SMALL,0.5967074158315885,1.0151257959582116,0,Weak Demand + Profitable
Stories Sour 2,DOUBLE ESPRESSO,0.745494070713203,1.010878074938439,0,Weak Demand + Profitable
Stories Sour 2,WHITE MOCHA MEDIUM,0.7679129263344121,1.0332312381499893,0,Weak Demand + Profitable
Stories Sour 2,ICED SPANISH LATTE MEDIUM,0.4997443341797208,1.021228098314777,0,Weak Demand + Profitable
Stories Sour 2,WHITE MOCHA SMALL,0.7683045524781396,1.0792671542717966,0,Weak Demand + Profitable
Stories Sour 2,CHEESE CROISSANT,0.9681428100941322,1.0672411756142808,2,Weak Demand + Profitable
Stories Sour 2,LAZY CAKE,0.7190324715035832,1.1030614378277523,0,Weak Demand + Profitable
Stories Sour 2,LOTUS YOGHURT COMBO SMALL,0.6918703939424997,1.0565594932534887,0,Weak Demand + Profitable
Stories Sour 2,BROWN PESTO HALLOUMI SUB,0.9468758054106752,1.0485573916880992,0,Weak Demand + Profitable
Stories Sour 2,CAPPUCCINO SMALL,0.6455886711478992,1.0183508800278895,0,Weak Demand + Profitable
Stories Sour 2,CAPPUCCINO MEDIUM,0.571092560615755,1.023898727032777,0,Weak Demand + Profitable
Stories Sour 2,SIGNATURE HOT CHOCOLATE SMALL,0.9874071586495451,1.0133893345534113,2,Weak Demand + Profitable
Stories Sour 2,BROWN TURKEY & CHEESE SUB,0.433528819411609,1.0369702563760554,0,Weak Demand + Profitable
Stories Sour 2,TIRAMISU CUP,0.7099133203638585,1.0769575585914828,0,Weak Demand + Profitable
Stories Sour 2,AMERICANO SMALL,0.599424936803231,1.0110626144850503,0,Weak Demand + Profitable
Stories Sour 2,FONDANT AU CHOCOLAT,0.9536747153450112,1.1599512149857756,0,Weak Demand + Profitable
Stories Sour 2,TURKEY & CHEESE SUB,0.5273892720526284,1.0297764159224894,0,Weak Demand + Profitable
Stories Sour 2,CARAMEL MACHIATO MEDIUM,0.7140197685136153,1.0309483478069925,0,Weak Demand + Profitable
Stories Sour 2,MOCHA FRAPP MEDIUM,0.729890965754912,1.0322136906048767,0,Weak Demand + Profitable
Stories Sour 2,ICED AMERICANO MEDIUM,0.9538042865520406,1.0180236185222369,0,Weak Demand + Profitable
Stories Sour 2,MOCHA MEDIUM,0.7968158601098955,1.0391746860612145,0,Weak Demand + Profitable
Stories Sour 2,FRAMBOISE CHEESE CAKE,0.989973387595352,1.250934364403918,2,Weak Demand + Profitable
Stories Sour 2,SIGNATURE HOT CHOCOLATE MEDIUM,0.7407385783541736,1.0431061237082002,0,Weak Demand + Profitable
Stories Sour 2,FLAT WHITE,0.7868697325273437,1.0503871720979396,0,Weak Demand + Profitable
Stories Sour 2,LOTUS YOGHURT COMBO MEDIUM,0.9098818348190519,1.0442612440296781,0,Weak Demand + Profitable
Stories Sour 2,SPANISH LATTE MEDIUM,0.4008774462317064,1.0313610927294707,0,Weak Demand + Profitable
Stories Sour 2,VANILLA CREAM FRAPP SMALL,0.9460531605571183,1.010717129442014,0,Weak Demand + Profitable
Stories Sour 2,LOTUS ROLL,0.9980784557354997,1.017523645647944,2,Weak Demand + Profitable
Stories Sour 2,CARAMEL MACHIATO SMALL,0.6108630615359266,1.0169165678493273,0,Weak Demand + Profitable
Stories Sour 2,MOCHA SMALL,0.7930094651587096,1.014825243660033,0,Weak Demand + Profitable
Stories Sour 2,REPLACE ALMOND MEDIUM,0.7505475727459887,1.0562762411450801,0,Weak Demand + Profitable
Stories Sour 2,ESPRESSO FRAPP MEDIUM,0.8933810605094197,1.0200697809794546,0,Weak Demand + Profitable
Stories Sour 2,PESTO HALLOUMI SUB,0.7598388418629213,1.027512378152547,0,Weak Demand + Profitable
Stories Sour 2,AMERICANO MEDIUM,0.4390450609006215,1.0282891508222112,0,Weak Demand + Profitable
Stories Sour 2,NY STYLE COOKIE - DOUBLE CHOCOLATE,0.7951087380711489,1.030206498430725,0,Weak Demand + Profitable
Stories Sour 2,ICED WHITE MOCHA LARGE,0.6000396978319639,1.0188260345360651,0,Weak Demand + Profitable
Stories Sour 2,ORANGE JUICE,0.6039991890638241,1.0631678697557747,0,Weak Demand + Profitable
Stories Sour 2,ICED LATTE LARGE,0.4937407245818915,1.019577844652427,0,Weak Demand + Profitable
Stories Sour 2,ICED SALTED CARAMEL LATTE MEDIUM,0.772765559449538,1.0268848961490045,0,Weak Demand + Profitable
Stories Verdun,ICED LATTE MEDIUM,0.6675251934691664,1.0120174905728625,0,Weak Demand + Profitable
Stories Verdun,CARAMEL FRAPP MEDIUM,0.8186295255283396,1.0179932024590352,0,Weak Demand + Profitable
Stories Verdun,ICED SPANISH LATTE MEDIUM,0.8817046460925123,1.01509620811468,0,Weak Demand + Profitable
Stories Verdun,CAPPUCCINO MEDIUM,0.8352510381200074,1.0150208535134704,0,Weak Demand + Profitable
Stories Verdun,SPANISH LATTE MEDIUM,0.9495377884537678,1.0247650337313876,0,Weak Demand + Profitable
Stories Verdun,LAZY CAKE,0.6667655434535149,1.0063117959304277,0,Weak Demand + Profitable
Stories Verdun,SIGNATURE HOT CHOCOLATE SMALL,0.8434795483054833,1.011959916813094,0,Weak Demand + Profitable
Stories Verdun,SPANISH LATTE SMALL,0.8239511266441246,1.0893989503056216,0,Weak Demand + Profitable
Stories Verdun,MOCHA MEDIUM,0.8814244313411386,1.021134060979351,0,Weak Demand + Profitable
Stories Verdun,CHOCOLATE CREAM FRAPP MEDIUM,0.8323209727659185,1.0127099718291874,0,Weak Demand + Profitable
Stories Verdun,STRAWBERRY CREAM FRAPP MEDIUM,0.6345934366604574,1.0154574850704179,0,Weak Demand + Profitable
Stories Verdun,PISTACHIO CRUNCH,0.9227778018104209,1.209299921561572,0,Weak Demand + Profitable
Stories Verdun,ESPRESSO,0.39974326733448895,1.0023951567268345,0,Weak Demand + Profitable
Stories Verdun,CARAMEL CREAM  FRAPP MEDIUM,0.6802432810779913,1.0047681349046231,0,Weak Demand + Profitable
Stories Verdun,MOCHA SMALL,0.8479272823414497,1.0242359031142607,0,Weak Demand + Profitable
Stories Verdun,RED CINNAMON ROLL,0.7589389093998219,1.009666687453861,0,Weak Demand + Profitable
Stories Verdun,LOTUS CHEESE CAKE,0.8043152003314927,1.0132266376114485,0,Weak Demand + Profitable
Stories Verdun,SIGNATURE HOT CHOCOLATE MEDIUM,0.5286972198711012,1.0264482969810913,0,Weak Demand + Profitable
Stories Verdun,REPLACE COCONUT MEDIUM,0.8510175991631379,1.029172511501582,0,Weak Demand + Profitable
Stories Zalka,CLASSIC CINNAMON ROLL LARGE,0.9148958058828898,1.0115381715279328,0,Weak Demand + Profitable
Stories Zalka,ICED LATTE SMALL,0.7523313715539693,1.0003080742850259,0,Weak Demand + Profitable
Stories Zalka,ESPRESSO,0.7860989153946042,1.0000587684815214,0,Weak Demand + Profitable
Stories Zalka,WHITE MOCHA SMALL,0.5878781393952194,1.0387822507261206,0,Weak Demand + Profitable
Stories Zalka,SIGNATURE HOT CHOCOLATE SMALL,0.9601683813283628,1.0104589440407818,2,Weak Demand + Profitable
Stories Zalka,CHOCOLATE ROLL LARGE,0.9351158978573884,1.0014958232155164,0,Weak Demand + Profitable
Stories Zalka,PINEAPPLE CUP,0.9268756238659239,1.005466418572285,0,Weak Demand + Profitable
Stories Zalka,BROWN CHICKEN TERIAKI SUB,0.9140191752898631,1.0103762267263565,0,Weak Demand + Profitable
Stories Zalka,PISTACHIO YOGHURT COMBO SMALL,0.9645669378547096,1.0256068221651695,2,Weak Demand + Profitable
Stories Zalka,ICED WHITE MOCHA SMALL,0.7252498888275994,1.0002605606450148,0,Weak Demand + Profitable
Stories Zalka,ICED PEACH TEA  MEDIUM,0.9568048610862341,1.0034287732556801,2,Weak Demand + Profitable
Stories Zalka,CARAMEL FRAPP LARGE,0.6831862401330728,1.0009012277577902,0,Weak Demand + Profitable
Stories Zalka,REPLACE 1 SHOT YIRGACHEFFE,0.9834768515440814,1.0003133194793277,2,Weak Demand + Profitable
Stories Zalka,ICED AMERICANO SMALL,0.9463989111017747,1.0003999471442808,0,Weak Demand + Profitable
Stories Zalka,RIM SPARKLING WATER-250 ML,0.9068084561077946,1.0013780005683095,0,Weak Demand + Profitable
Stories Zalka,ASIAN SALAD (GRAB&GO),0.9446454853211036,1.0096656428403783,0,Weak Demand + Profitable
Stories Zalka,BROWN LABNEH SUB,0.9623469272852754,1.0008217795362613,2,Weak Demand + Profitable
Stories Zalka,COLD BREW BOTTLE,0.6732150481209738,1.0306991720661316,0,Weak Demand + Profitable
Stories Zalka,ENGLISH BREAKFAST TEA MEDIUM,0.7423366867776808,1.0165120247712731,0,Weak Demand + Profitable
Stories alay,MANGO YOGHURT COMBO SMALL,0.7942067493986427,1.0089668401705882,0,Weak Demand + Profitable
Stories alay,WATER,0.9260374966170368,1.0122588676335116,0,Weak Demand + Profitable
Stories alay,CHOCOLATE YOGHURT COMBO SMALL,0.7805881114788364,1.007354702597523,0,Weak Demand + Profitable
Stories alay,DOUBLE ESPRESSO,0.9563441442308381,1.006748583303054,2,Weak Demand + Profitable
Stories alay,POMEGRANATE YOGHURT COMBO SMALL,0.8116935909169004,1.0134791458979189,0,Weak Demand + Profitable
Stories alay,ESPRESSO,0.9711346062859493,1.0003113013516312,2,Weak Demand + Profitable
Stories alay,CHEESE CROISSANT,0.988671016430857,1.001777105698689,2,Weak Demand + Profitable
Stories alay,AMERICANO MEDIUM,0.9572075815567315,1.0034996881204867,2,Weak Demand + Profitable
Stories alay,MOCHA MEDIUM,0.9992995453654305,1.0000793487936346,2,Weak Demand + Profitable
Stories alay,CHOCOLATE CROISSANT,0.8884928552308768,1.0000001493682302,0,Weak Demand + Profitable
Stories alay,DOUBLE SHOT SHAKEN SMALL,0.8250466051872273,1.0180402538645728,0,Weak Demand + Profitable
Stories alay,HOT DOUBLE SHOT SMALL,0.7569933014113875,1.106946665267752,0,Weak Demand + Profitable
Stories alay,TOFFEE NUT LATTE MEDIUM,0.8488394399540851,1.0003300806907445,0,Weak Demand + Profitable
Stories amioun,MANGO YOGHURT COMBO SMALL,0.6860727449631182,1.003240299082973,0,Weak Demand + Profitable
Stories amioun,BLACK COFFEE SMALL,0.7945274673118925,1.0150751045954345,0,Weak Demand + Profitable
Stories amioun,WHITE MOCHA MEDIUM,0.8878815795045761,1.0003174364956282,0,Weak Demand + Profitable
Stories amioun,BLACK COFFEE MEDIUM,0.9646138464467583,1.0040221111215444,2,Weak Demand + Profitable
Stories amioun,AMERICANO SMALL,0.8526611503898028,1.0002379475446124,0,Weak Demand + Profitable
Stories amioun,WHITE MOCHA SMALL,0.6483924452131761,1.0429318896367104,0,Weak Demand + Profitable
Stories amioun,ADD SHOT,0.6849796182727697,1.0296582639267702,0,Weak Demand + Profitable
Stories amioun,ALMOND CROISSANT,0.921066104863612,1.000000306520405,0,Weak Demand + Profitable
Stories amioun,RED CINNAMON ROLL,0.8111115107410153,1.0008159659148832,0,Weak Demand + Profitable
Stories amioun,SOUTHERN MINT HERBAL TEA MEDIUM,0.8733301502954103,1.0161780524816684,0,Weak Demand + Profitable
Stories amioun,POMEGRANATE JUICE,0.697973456165608,1.0028465467665502,0,Weak Demand + Profitable
Stories jbeil,MANGO YOGHURT COMBO SMALL,0.6726007798888591,1.0274797562320352,0,Weak Demand + Profitable
Stories jbeil,CLASSIC CINNAMON ROLL LARGE,0.8551261739125713,1.038332068286028,0,Weak Demand + Profitable
Stories jbeil,BLUEBERRY YOGHURT COMBO SMALL,0.7811848526110938,1.0278761080646026,0,Weak Demand + Profitable
Stories jbeil,CARAMEL FRAPP MEDIUM,0.6875603745864648,1.0348078506863783,0,Weak Demand + Profitable
Stories jbeil,DOUBLE ESPRESSO,0.8166597217232625,1.0140486926660752,0,Weak Demand + Profitable
Stories jbeil,MANGO YOGHURT COMBO MEDIUM,0.5594402627312519,1.02445377369697,0,Weak Demand + Profitable
Stories jbeil,BLUEBERRY YOGHURT COMBO MEDIUM,0.8016323326516379,1.0238554559825326,0,Weak Demand + Profitable
Stories jbeil,ICED WHITE MOCHA MEDIUM,0.7277841744375011,1.0185097058253778,0,Weak Demand + Profitable
Stories jbeil,POMEGRANATE YOGHURT COMBO SMALL,0.7391504527452567,1.03798871082713,0,Weak Demand + Profitable
Stories jbeil,LAZY CAKE,0.9051497921527244,1.1030614378277523,0,Weak Demand + Profitable
Stories jbeil,ESPRESSO,0.876659080094309,1.0073578410033213,0,Weak Demand + Profitable
Stories jbeil,WHITE MOCHA MEDIUM,0.6282678813754701,1.0332311646858834,0,Weak Demand + Profitable
Stories jbeil,ICED CARAMEL MACCHIATO MEDIUM,0.6704757393869398,1.0213683126816626,0,Weak Demand + Profitable
Stories jbeil,AMERICANO MEDIUM,0.9780422370925322,1.0257013944252638,2,Weak Demand + Profitable
Stories jbeil,ICED MOCHA MEDIUM,0.9966237117948179,1.0244968895919424,2,Weak Demand + Profitable
Stories jbeil,FLAT WHITE,0.9511619691564744,1.0377722308263386,0,Weak Demand + Profitable
Stories jbeil,CARAMEL MACHIATO MEDIUM,0.7043607056475328,1.0309482702746047,0,Weak Demand + Profitable
Stories jbeil,STRAWBERRY CREAM FRAPP MEDIUM,0.7033110437309216,1.035120556057376,0,Weak Demand + Profitable
Stories jbeil,CHOCOLATE CREAM FRAPP MEDIUM,0.8391191522047848,1.0333016873621268,0,Weak Demand + Profitable
Stories jbeil,ICED MATCHA LATTE SMALL,0.8452045867723857,1.0174245808274245,0,Weak Demand + Profitable
Stories jbeil,POMEGRANATE YOGHURT COMBO MEDIUM,0.8614454290585193,1.026873159539452,0,Weak Demand + Profitable
Stories jbeil,RED VELVET CAKE,0.9686469764952064,1.0974219174800928,2,Weak Demand + Profitable
Stories jbeil,MOCHA FRAPP MEDIUM,0.6394793194885809,1.0402295139132836,0,Weak Demand + Profitable
Stories jbeil,ICED WHITE MOCHA LARGE,0.9286804845773308,1.0188260937132152,0,Weak Demand + Profitable
Stories jbeil,BROWN TUNA SUB,0.9733859805276851,1.0225234253504178,2,Weak Demand + Profitable
Stories jbeil,CARAMEL FRAPP SMALL,0.44078082251709483,1.0199305470325393,0,Weak Demand + Profitable
Stories jbeil,BLUEBERRY CHEESE CAKE,0.961485596399155,1.3273533909767092,2,Weak Demand + Profitable
Stories jbeil,NY STYLE COOKIE - CHOCOLATE CHIP WALNUT,0.6206399714504618,1.0186458673567966,0,Weak Demand + Profitable
Stories jbeil,LOTUS SPREAD YOGHURT COMBO MEDIUM,0.6832577688960969,1.0166227744501433,0,Weak Demand + Profitable
Stories jbeil,ICED WHITE MOCHA SMALL,0.6929995990635924,1.0195790119885697,0,Weak Demand + Profitable
Stories jbeil,CHOCOLATE SALTED CAKE,0.7978351102444554,1.085010800617167,0,Weak Demand + Profitable
Stories jbeil,CARAMEL CREAM  FRAPP MEDIUM,0.584139109567592,1.0181266877024184,0,Weak Demand + Profitable
Stories jbeil,MACARONS,0.8408210968525432,1.1223582866460906,0,Weak Demand + Profitable
Stories jbeil,BROWNIES CAKE,0.7325838907871118,1.030649641130828,0,Weak Demand + Profitable
Stories jbeil,STRAWBERRY CREAM FRAPP SMALL,0.6411221719068134,1.0476899892486344,0,Weak Demand + Profitable
Stories jbeil,PISTACHIO CRUNCH,0.689172050600707,1.2821486262353732,0,Weak Demand + Profitable
Stories jbeil,RIM SPARKLING WATER-250 ML,0.8755061311968184,1.0777224727952432,0,Weak Demand + Profitable
Stories jbeil,ICED SALTED CARAMEL LATTE MEDIUM,0.8361536456393657,1.0268847558834073,0,Weak Demand + Profitable
Stories jbeil,DOUBLE CHOCOLATE MUFFIN,0.7395295786576386,1.028095292606763,0,Weak Demand + Profitable
Stories jbeil,PESTO HALLOUMI SUB,0.7711756992787353,1.0275124452055147,0,Weak Demand + Profitable
Stories jbeil,ICED MATCHA LATTE LARGE,0.7423683417823396,1.0360735849533627,0,Weak Demand + Profitable
Stories jbeil,PINEAPPLE CUP,0.5317174415331,1.1672571586090388,0,Weak Demand + Profitable
Stories jbeil,ORGANIC GREEN TEA MEDIUM,0.8130086066865505,1.032520288099077,0,Weak Demand + Profitable
Stories jbeil,TUNA SUB,0.6619690766043269,1.0174315507159806,0,Weak Demand + Profitable
Stories kaslik,MANGO YOGHURT COMBO SMALL,0.8381885075663248,1.0070857010592047,0,Weak Demand + Profitable
Stories kaslik,MANGO YOGHURT COMBO MEDIUM,0.7612442614215968,1.0000541004942958,0,Weak Demand + Profitable
Stories kaslik,ORIGINAL YOGHURT COMBO MEDIUM,0.9139977484825059,1.0024878281699807,0,Weak Demand + Profitable
Stories kaslik,CARAMEL FRAPP MEDIUM,0.7049801710220017,1.0030431040645662,0,Weak Demand + Profitable
Stories kaslik,WHITE MOCHA MEDIUM,0.8912860284817921,1.003647858111335,0,Weak Demand + Profitable
Stories kaslik,ICED WHITE MOCHA MEDIUM,0.6652851734223094,1.0004849749376212,0,Weak Demand + Profitable
Stories kaslik,WHITE MOCHA SMALL,0.714935560398787,1.058003593787383,0,Weak Demand + Profitable
Stories kaslik,CARAMEL MACHIATO MEDIUM,0.8167651621752826,1.0077856890630852,0,Weak Demand + Profitable
Stories kaslik,CHOCOLATE CREAM FRAPP MEDIUM,0.9844539386836615,1.004961772799673,2,Weak Demand + Profitable
Stories kaslik,ICED CARAMEL MACCHIATO MEDIUM,0.5698398886373506,1.0020685318446412,0,Weak Demand + Profitable
Stories kaslik,FONDANT AU CHOCOLAT,0.8448666931979949,1.0248144369739736,0,Weak Demand + Profitable
Stories kaslik,FLAT WHITE,0.9199379861990628,1.0339960729561597,0,Weak Demand + Profitable
Stories kaslik,CHOCOLATE CRUNCH,0.9459196443461693,1.0043857712478854,0,Weak Demand + Profitable
Stories kaslik,ORANGE JUICE,0.9614938102669855,1.0021273068832715,2,Weak Demand + Profitable
Stories kaslik,PISTACHIO CRUNCH,0.9173841622099008,1.0175217460005321,0,Weak Demand + Profitable
Stories kaslik,ECLAIR CHOCOLAT,0.965003016463388,1.0588491264520292,2,Weak Demand + Profitable
Stories kaslik,REPLACE COCONUT MEDIUM,0.992738847794847,1.1294109491976696,2,Weak Demand + Profitable
Stories kaslik,ICED WHITE MOCHA LARGE,0.7081466151152459,1.0016515776028891,0,Weak Demand + Profitable
Stories kaslik,CHOCOLATE SALTED CAKE,0.7348716426852554,1.0117314860526845,0,Weak Demand + Profitable
Stories kaslik,MATCHA LATTE MEDIUM,0.9874140324417556,1.0097357671623037,2,Weak Demand + Profitable
Stories kaslik,ORGANIC GREEN TEA MEDIUM,0.9234333475903092,1.0066998524912443,0,Weak Demand + Profitable
Stories kaslik,CARAMEL MACHIATO SMALL,0.6253630729868226,1.0026506907624486,0,Weak Demand + Profitable
Stories kaslik,REPLACE ALMOND MEDIUM,0.7665733293580073,1.0073516576568013,0,Weak Demand + Profitable
Stories kaslik,APRICOT SABLE,0.8882900521463701,1.0003057457987468,0,Weak Demand + Profitable
Stories kaslik,BLUEBERRY MUFFIN,0.8153664485457646,1.002532989033856,0,Weak Demand + Profitable
Stories raouche,WATER,0.8173015150993236,1.012290619989523,0,Weak Demand + Profitable
Stories raouche,MANGO YOGHURT COMBO MEDIUM,0.6652586105911229,1.0057835008860532,0,Weak Demand + Profitable
Stories raouche,ICED LATTE MEDIUM,0.4847377469319111,1.001478845553949,0,Weak Demand + Profitable
Stories raouche,BLUEBERRY YOGHURT COMBO MEDIUM,0.7554531735483938,1.0043633997347408,0,Weak Demand + Profitable
Stories raouche,BLACK COFFEE SMALL,0.6759489216490926,1.0091203800546746,0,Weak Demand + Profitable
Stories raouche,POMEGRANATE YOGHURT COMBO SMALL,0.714869305948338,1.0133792175811753,0,Weak Demand + Profitable
Stories raouche,MOCHA FRAPP MEDIUM,0.9440458059274878,1.0071053810061108,0,Weak Demand + Profitable
Stories raouche,BLACK COFFEE MEDIUM,0.6362325356491955,1.0129556781122548,0,Weak Demand + Profitable
Stories raouche,CHOCOLATE CREAM FRAPP MEDIUM,0.9940757357980867,1.0057378181091485,2,Weak Demand + Profitable
Stories raouche,CARAMEL FRAPP LARGE,0.9992540460205885,1.0054567985853786,2,Weak Demand + Profitable
Stories raouche,ICED CARAMEL MACCHIATO MEDIUM,0.5091881632044609,1.0040133074782271,0,Weak Demand + Profitable
Stories raouche,POMEGRANATE YOGHURT COMBO MEDIUM,0.9272382335652652,1.010290782437459,0,Weak Demand + Profitable
Stories raouche,ICED MATCHA LATTE SMALL,0.8693801555779519,1.0063983364945839,0,Weak Demand + Profitable
Stories raouche,STRAWBERRY CREAM FRAPP SMALL,0.9122517005013355,1.0368406948365056,0,Weak Demand + Profitable
Stories raouche,ORIGINAL YOGHURT COMBO X-LARGE,0.9780933371744329,1.0152022650542083,2,Weak Demand + Profitable
Stories raouche,CLASSIC HOT CHOC MEDIUM,0.8282611906824394,1.0062941319071066,0,Weak Demand + Profitable
Stories raouche,ORANGE JUICE,0.8464853639319765,1.002243108725927,0,Weak Demand + Profitable
Stories raouche,CARAMEL CREAM  FRAPP MEDIUM,0.6543637166508488,1.001735147363208,0,Weak Demand + Profitable
Stories raouche,CHOCOLATE SALTED CAKE,0.7437428106722043,1.0163647285790538,0,Weak Demand + Profitable
Stories raouche,ECLAIR ORIGINAL,0.8019008955732955,1.0618375537654405,0,Weak Demand + Profitable
Stories raouche,ICED MOCHA MEDIUM,0.6168253092774898,1.0007358471692818,0,Weak Demand + Profitable
Stories raouche,LOTUS CHEESE CAKE,0.8312979743578935,1.0691344098682516,0,Weak Demand + Profitable
Stories raouche,WHITE MOCHA FRAPP MEDIUM,0.958991864060067,1.0145197162129171,2,Weak Demand + Profitable
Stories sin el fil,MANGO YOGHURT COMBO SMALL,0.6870240922268853,1.0089471714769043,0,Weak Demand + Profitable
Stories sin el fil,BLUEBERRY YOGHURT COMBO SMALL,0.8247218678692575,1.0069341775346201,0,Weak Demand + Profitable
Stories sin el fil,CARAMEL MACHIATO MEDIUM,0.8179435422168573,1.0000000878830337,0,Weak Demand + Profitable
Stories sin el fil,SPANISH LATTE SMALL,0.9191618611403499,1.033802333259884,0,Weak Demand + Profitable
Stories sin el fil,FONDANT AU CHOCOLAT,0.9367511714891438,1.0205647274005312,0,Weak Demand + Profitable
Stories sin el fil,ADD SHOT,0.7963635239129423,1.0476860770576528,0,Weak Demand + Profitable
Stories sin el fil,MOCHA SMALL,0.9918656836245083,1.0100342261842543,2,Weak Demand + Profitable
Stories sin el fil,BLUEBERRY CHEESE CAKE,0.9117420411911307,1.134854177064209,0,Weak Demand + Profitable
Stories sin el fil,SAN BENEDETTO LEMON 330ML/24,0.9351884300546992,1.0000004152335957,0,Weak Demand + Profitable
Stories sin el fil,CLASSIC HOT CHOC MEDIUM,0.8006366651448166,1.0000002685562572,0,Weak Demand + Profitable
Stories sin el fil,SAN BENEDETTO CLEMENTINE 330ML/24,0.9912690870696406,1.0000280090618217,2,Weak Demand + Profitable
Stories sin el fil,ORGANIC GREEN TEA MEDIUM,0.9685894240306276,1.0080181702645012,2,Weak Demand + Profitable
Stories sin el fil,GOLDEN CHAMOMILE HERBAL TEA MEDIUM,0.8493220672447545,1.0045138133690716,0,Weak Demand + Profitable
Stories sin el fil,LOTUS CHEESE CAKE,0.8605030915780052,1.0581766108315391,0,Weak Demand + Profitable
Stories sin el fil,BLACK COFFEE LARGE,0.8039129733998004,1.0030744114528067,0,Weak Demand + Profitable
Stories sin el fil,CHOCOLATE SALTED CAKE,0.7098600989528748,1.0085292707433904,0,Weak Demand + Profitable
Stories sin el fil,CHOCOLATE SABLE,0.8159321406123388,1.0014011197634556,0,Weak Demand + Profitable
Stories sin el fil,PISTACHIO CRUNCH,0.6834071196416398,1.000000066118004,0,Weak Demand + Profitable
Stories.,CLASSIC CINNAMON ROLL LARGE,0.8862989840437515,1.0066817579435479,0,Weak Demand + Profitable
Stories.,ICED LATTE MEDIUM,0.634829494930646,1.0025576954121573,0,Weak Demand + Profitable
Stories.,ICED MATCHA LATTE MEDIUM,0.8927870992082283,1.0032817200196913,0,Weak Demand + Profitable
Stories.,ICED LATTE SMALL,0.9548208955831285,1.000219642346389,0,Weak Demand + Profitable
Stories.,ICED SPANISH LATTE MEDIUM,0.3668427841661597,1.0027481714531694,0,Weak Demand + Profitable
Stories.,SIGNATURE HOT CHOCOLATE MEDIUM,0.9532959451595419,1.0006358645469278,0,Weak Demand + Profitable
Stories.,BROWN PESTO HALLOUMI SUB,0.5943309604827769,1.01302476465566,0,Weak Demand + Profitable
Stories.,BLUE NADE,0.9659503885768124,1.001311796933726,2,Weak Demand + Profitable
Stories.,TURKEY & CHEESE SUB,0.37393170308851637,1.0041333896132723,0,Weak Demand + Profitable
Stories.,LOTUS YOGHURT COMBO MEDIUM,0.836625856108165,1.0024693554262547,0,Weak Demand + Profitable
Stories.,ICED SPANISH LATTE SMALL,0.5999385631233742,1.0078318524590442,0,Weak Demand + Profitable
Stories.,MATCHA CREAM FRAPP MEDIUM,0.9396430346788649,1.0111122143211326,0,Weak Demand + Profitable
Stories.,BROWNIES CAKE,0.7201939421820652,1.0306498755369002,0,Weak Demand + Profitable
Stories.,BROWN TURKEY & CHEESE SUB,0.22805927539407003,1.0083714131887958,0,Weak Demand + Profitable
Stories.,MOCHA FRAPP SMALL,0.9322394444933317,1.0234475253380924,0,Weak Demand + Profitable
Stories.,ADD CARAMEL MEDIUM,0.953884285349417,1.0149500321990472,0,Weak Demand + Profitable
Stories.,WHITE MOCHA FRAPP MEDIUM,0.8445887008990827,1.0116310533145714,0,Weak Demand + Profitable
Stories.,BLUEBERRY YOGHURT COMBO X-LARGE,0.8183431333932185,1.004785047232795,0,Weak Demand + Profitable
