Branch,Division,Group,Qty,Total Amount,25.48992834
Stories - Bir Hasan,HOT BAR SECTION,BLACK COFFEE,10059,1683315.12,
Stories - Bir Hasan,HOT BAR SECTION,MIXED HOT BEVERAGE,22591,5059071.62,
Stories - Bir Hasan,HOT BAR SECTION,TEA,664,89643.84,
Stories - Bir Hasan,HOT BAR SECTION,BEANS,67.125,37154.35,
Stories - Bir Hasan,COLD BAR SECTION,MIXED COLD BEVERAGES,22639,5360581.63,
Stories - Bir Hasan,COLD BAR SECTION,BLENDED BRINKS,13530,3510984.68,
Stories - Bir Hasan,COLD BAR SECTION,ICE TEA,577,98610.48,
Stories - Bir Hasan,COLD BAR SECTION,ADD SYRUP,32117,1084265.56,
Stories - Bir Hasan,COLD BAR SECTION,REPLACE,17068,435481.77,
Stories - Bir Hasan,GRAB&GO BEVERAGES,SOFT DRINKS,18260,1054749.33,
Stories - Bir Hasan,COFFEE PASTRY,COFFEE PASTRY,3642,932850.93,
Stories - Bir Hasan,CROISSANT,CROISSANT,1953,407986.13,
Stories - Bir Hasan,COOKIES,COOKIES,800,259414.41,
Stories - Bir Hasan,FRENCH PASTRY,FRENCH PASTRY,1651,467402.82,
Stories - Bir Hasan,FROZEN YOGHURT,COMBO TOPPINGS,55956,0,
Stories - Bir Hasan,FROZEN YOGHURT,TOPPINGS,3921,279572.31,
Stories - Bir Hasan,FROZEN YOGHURT,LUXURY TOPPINGS,3452,364830.6,
Stories - Bir Hasan,FROZEN YOGHURT,FROZEN YOGHURT,17194.9,6127181.16,
Stories - Bir Hasan,FROZEN YOGHURT,SPECIALTY YOGHURT,30.5,7196.67,
Stories - Bir Hasan,PLAT DE JOUR,PLAT DU JOUR,494,311972.97,
Stories - Bir Hasan,SANDWICHES,SUB SANDWICHES,6619,1778959.16,
Stories - Bir Hasan,CINNAMON ROLLS,CINNAMONS,3056,863557.66,282.5777683
Stories - Bir Hasan,CARTON,PACKAGING,1212,0,
Stories - Bir Hasan,NOT USED,NOT USED,1579.5,417758.86,
Stories - Bir Hasan,SUBS,ADD ONS,1679.5,181272.91,
Stories - Bir Hasan,GRAB&GO FOOD,PACKAGED FOOD,1112,158906.25,
Stories - Bir Hasan,GRAB&GO FOOD,SALADS,766,356091.17,
Stories - Bir Hasan,GRAB&GO FOOD,FRUITS,296,86266.7,
Stories - Bir Hasan,GRAB&GO FOOD,PACKAGED DESSERT,213,78348.35,
Stories - Bir Hasan,DONUTS,DONUTS,537,109429.19,
Stories Centro Mall,HOT BAR SECTION,BLACK COFFEE,8879,1540187.75,
Stories Centro Mall,HOT BAR SECTION,MIXED HOT BEVERAGE,23795,5192831.57,
Stories Centro Mall,HOT BAR SECTION,TEA,742,108660.06,
Stories Centro Mall,HOT BAR SECTION,BEANS,46.5,25741.74,
Stories Centro Mall,COLD BAR SECTION,MIXED COLD BEVERAGES,21673,5033128.89,
Stories Centro Mall,COLD BAR SECTION,BLENDED BRINKS,24749,6148252.03,
Stories Centro Mall,COLD BAR SECTION,ICE TEA,1095,212822.82,
Stories Centro Mall,COLD BAR SECTION,ADD SYRUP,24401,745264.88,
Stories Centro Mall,COLD BAR SECTION,REPLACE,7945,209784.93,
Stories Centro Mall,GRAB&GO BEVERAGES,SOFT DRINKS,25355,1333212.29,
Stories Centro Mall,COFFEE PASTRY,COFFEE PASTRY,6634,1763880.19,
Stories Centro Mall,CROISSANT,CROISSANT,2789,564457.06,
Stories Centro Mall,PIZZA,PIZZA,0,0,
Stories Centro Mall,COOKIES,COOKIES,908,287240.24,
Stories Centro Mall,FRENCH PASTRY,FRENCH PASTRY,2349,699241.44,
Stories Centro Mall,FROZEN YOGHURT,COMBO TOPPINGS,73181,0,
Stories Centro Mall,FROZEN YOGHURT,TOPPINGS,3561,237864.87,
Stories Centro Mall,FROZEN YOGHURT,LUXURY TOPPINGS,2971,299269.07,
Stories Centro Mall,FROZEN YOGHURT,FROZEN YOGHURT,22659.1,7617074.6,
Stories Centro Mall,FROZEN YOGHURT,SPECIALTY YOGHURT,1,533.33,
Stories Centro Mall,SANDWICHES,SUB SANDWICHES,121,31600,
Stories Centro Mall,CINNAMON ROLLS,CINNAMONS,4786,1322602.11,276.3481216
Stories Centro Mall,NOT USED,NOT USED,1368,316939.64,
Stories Centro Mall,SUBS,ADD ONS,19,1933.33,
Stories Centro Mall,GRAB&GO FOOD,PACKAGED FOOD,1248,172019.22,
Stories Centro Mall,GRAB&GO FOOD,PACKAGED DESSERT,209,76675.68,
Stories Centro Mall,DONUTS,DONUTS,1452,290380.18,
Stories LAU,HOT BAR SECTION,BLACK COFFEE,2576,464760.71,
Stories LAU,HOT BAR SECTION,MIXED HOT BEVERAGE,9220,2034513.16,
Stories LAU,HOT BAR SECTION,TEA,690,85049.1,
Stories LAU,HOT BAR SECTION,BEANS,12,5977.18,
Stories LAU,COLD BAR SECTION,MIXED COLD BEVERAGES,11047,2532636.07,
Stories LAU,COLD BAR SECTION,BLENDED BRINKS,5884,1497294.69,
Stories LAU,COLD BAR SECTION,ICE TEA,423,61381.26,
Stories LAU,COLD BAR SECTION,ADD SYRUP,10756,317189.94,
Stories LAU,COLD BAR SECTION,REPLACE,6376,183583.17,
Stories LAU,GRAB&GO BEVERAGES,SOFT DRINKS,11446,589897.71,
Stories LAU,COFFEE PASTRY,COFFEE PASTRY,1198,305313.45,
Stories LAU,CROISSANT,CROISSANT,1078,222044.39,
Stories LAU,COOKIES,COOKIES,308,100991.29,
Stories LAU,FRENCH PASTRY,FRENCH PASTRY,378,122280.21,
Stories LAU,FROZEN YOGHURT,COMBO TOPPINGS,45132,0,
Stories LAU,FROZEN YOGHURT,TOPPINGS,1867,131156.52,
Stories LAU,FROZEN YOGHURT,LUXURY TOPPINGS,2550,263266.28,
Stories LAU,FROZEN YOGHURT,FROZEN YOGHURT,14093.15,4864383.21,
Stories LAU,FROZEN YOGHURT,SPECIALTY YOGHURT,27.5,4150,
Stories LAU,PLAT DE JOUR,PLAT DU JOUR,34,21441.44,
Stories LAU,SANDWICHES,SUB SANDWICHES,3814,990743.54,
Stories LAU,CINNAMON ROLLS,CINNAMONS,1687,417534.33,247.5010848
Stories LAU,CARTON,PACKAGING,1428,0,
Stories LAU,NOT USED,NOT USED,902,125445.06,
Stories LAU,SUBS,ADD ONS,521,61704.87,
Stories LAU,GRAB&GO FOOD,PACKAGED FOOD,469,61224.92,
Stories LAU,GRAB&GO FOOD,SALADS,207,95124.74,
Stories LAU,GRAB&GO FOOD,PACKAGED DESSERT,52,18486.49,
Stories LAU,DONUTS,DONUTS,360,73520,
Stories Faqra,HOT BAR SECTION,BLACK COFFEE,2383,452167.21,
Stories Faqra,HOT BAR SECTION,MIXED HOT BEVERAGE,7752,1687447.75,
Stories Faqra,HOT BAR SECTION,TEA,545,72193.69,
Stories Faqra,HOT BAR SECTION,BEANS,9,5654.05,
Stories Faqra,COLD BAR SECTION,MIXED COLD BEVERAGES,10583,2591897.12,
Stories Faqra,COLD BAR SECTION,BLENDED BRINKS,3583,966614.95,
Stories Faqra,COLD BAR SECTION,ICE TEA,113,25968.47,
Stories Faqra,COLD BAR SECTION,ADD SYRUP,9930,302628.83,
Stories Faqra,COLD BAR SECTION,REPLACE,3828,106919.1,
Stories Faqra,GRAB&GO BEVERAGES,SOFT DRINKS,10879,507336.75,
Stories Faqra,COFFEE PASTRY,COFFEE PASTRY,759,200942.34,
Stories Faqra,CROISSANT,CROISSANT,470,94070.27,
Stories Faqra,COOKIES,COOKIES,147,49000,
Stories Faqra,FRENCH PASTRY,FRENCH PASTRY,314,98279.28,
Stories Faqra,FROZEN YOGHURT,COMBO TOPPINGS,30982,0,
Stories Faqra,FROZEN YOGHURT,TOPPINGS,842,58637.84,
Stories Faqra,FROZEN YOGHURT,LUXURY TOPPINGS,1609,171690.09,
Stories Faqra,FROZEN YOGHURT,FROZEN YOGHURT,9872.7,3189838.92,
Stories Faqra,FROZEN YOGHURT,SPECIALTY YOGHURT,21.5,4933.33,
Stories Faqra,CINNAMON ROLLS,CINNAMONS,1181,293344.14,248.386232
Stories Faqra,CARTON,PACKAGING,862,0,
Stories Faqra,NOT USED,NOT USED,1063.6,203126.67,
Stories Faqra,GRAB&GO FOOD,PACKAGED FOOD,317,41400,
Stories Faqra,GRAB&GO FOOD,FRUITS,13,2766.67,
Stories Faqra,DONUTS,DONUTS,114,22800,
Stories.,HOT BAR SECTION,BLACK COFFEE,4645,675043.33,
Stories.,HOT BAR SECTION,MIXED HOT BEVERAGE,8161,1713110,
Stories.,HOT BAR SECTION,TEA,385,56200,
Stories.,HOT BAR SECTION,BEANS,17,9733.33,
Stories.,COLD BAR SECTION,MIXED COLD BEVERAGES,8062,1865966.67,
Stories.,COLD BAR SECTION,BLENDED BRINKS,10438,2631533.33,
Stories.,COLD BAR SECTION,ICE TEA,371,31866.67,
Stories.,COLD BAR SECTION,ADD SYRUP,11931.5,366283.33,
Stories.,COLD BAR SECTION,REPLACE,2864,97940,
Stories.,GRAB&GO BEVERAGES,SOFT DRINKS,8432,375600,
Stories.,COFFEE PASTRY,COFFEE PASTRY,2017,565666.67,
Stories.,CROISSANT,CROISSANT,633,109600,
Stories.,COOKIES,COOKIES,303,101000,
Stories.,FRENCH PASTRY,FRENCH PASTRY,936,254633.33,
Stories.,FROZEN YOGHURT,COMBO TOPPINGS,38571,0,
Stories.,FROZEN YOGHURT,TOPPINGS,2506,167066.67,
Stories.,FROZEN YOGHURT,LUXURY TOPPINGS,2272,227200,
Stories.,FROZEN YOGHURT,FROZEN YOGHURT,12197.2,4035470,
Stories.,SANDWICHES,SUB SANDWICHES,1059,294500,
Stories.,CINNAMON ROLLS,CINNAMONS,1491,389933.33,261.5247015
Stories.,CARTON,PACKAGING,102,0,
Stories.,NOT USED,NOT USED,2494,416616.67,
Stories.,SUBS,ADD ONS,101,11666.67,
Stories.,GRAB&GO FOOD,PACKAGED FOOD,633,97133.33,
Stories.,GRAB&GO FOOD,SALADS,73,34066.67,
Stories.,GRAB&GO FOOD,FRUITS,132,29233.33,
Stories.,DONUTS,DONUTS,704,140800,
Stories Ain El Mreisseh,HOT BAR SECTION,BLACK COFFEE,42414,7631819.64,
Stories Ain El Mreisseh,HOT BAR SECTION,MIXED HOT BEVERAGE,89078,20200307.43,
Stories Ain El Mreisseh,HOT BAR SECTION,TEA,5847,941348.65,
Stories Ain El Mreisseh,HOT BAR SECTION,BEANS,144,75601.2,
Stories Ain El Mreisseh,COLD BAR SECTION,MIXED COLD BEVERAGES,66496,15879936.98,
Stories Ain El Mreisseh,COLD BAR SECTION,BLENDED BRINKS,50865,12881325.09,
Stories Ain El Mreisseh,COLD BAR SECTION,ICE TEA,3794,623218.92,
Stories Ain El Mreisseh,COLD BAR SECTION,ADD SYRUP,79667.5,2488245.28,
Stories Ain El Mreisseh,COLD BAR SECTION,REPLACE,32766,1134980.79,
Stories Ain El Mreisseh,GRAB&GO BEVERAGES,SOFT DRINKS,82338,4184454.05,
Stories Ain El Mreisseh,COFFEE PASTRY,COFFEE PASTRY,16237,4315997.91,
Stories Ain El Mreisseh,CROISSANT,CROISSANT,7969,1596325.53,
Stories Ain El Mreisseh,COOKIES,COOKIES,2910,916189.19,
Stories Ain El Mreisseh,FRENCH PASTRY,FRENCH PASTRY,7073,1921215.92,
Stories Ain El Mreisseh,FROZEN YOGHURT,COMBO TOPPINGS,193860,0,
Stories Ain El Mreisseh,FROZEN YOGHURT,TOPPINGS,7802,519846.25,
Stories Ain El Mreisseh,FROZEN YOGHURT,LUXURY TOPPINGS,11164,1120524.02,
Stories Ain El Mreisseh,FROZEN YOGHURT,FROZEN YOGHURT,60527.3,20328365.53,
Stories Ain El Mreisseh,FROZEN YOGHURT,SPECIALTY YOGHURT,204.5,24616.67,
Stories Ain El Mreisseh,PLAT DE JOUR,PLAT DU JOUR,130,81981.98,
Stories Ain El Mreisseh,SANDWICHES,SUB SANDWICHES,16647,4431053.16,
Stories Ain El Mreisseh,CINNAMON ROLLS,CINNAMONS,17375,5465425.25,314.5568489
Stories Ain El Mreisseh,CARTON,PACKAGING,127,0,
Stories Ain El Mreisseh,NOT USED,NOT USED,7291.25,1646440.54,
Stories Ain El Mreisseh,SUBS,ADD ONS,1872,207218.02,
Stories Ain El Mreisseh,POP UP BEVERAGE,POP UP BEVERAGE,0,0,
Stories Ain El Mreisseh,OFFER,OFFER,0,0,
Stories Ain El Mreisseh,GRAB&GO FOOD,PACKAGED FOOD,4191,575617.42,
Stories Ain El Mreisseh,GRAB&GO FOOD,SALADS,1326,606138.74,
Stories Ain El Mreisseh,GRAB&GO FOOD,FRUITS,1074,329289.19,
Stories Ain El Mreisseh,GRAB&GO FOOD,PACKAGED DESSERT,440,159081.08,
Stories Ain El Mreisseh,DONUTS,DONUTS,2534,506800,
Stories Ain El Mreisseh,HEALTHY SECTION,HEALTHY SECTION,0,0,
Stories Sour 2,HOT BAR SECTION,BLACK COFFEE,4238,734626.67,
Stories Sour 2,HOT BAR SECTION,MIXED HOT BEVERAGE,8308,1976400,
Stories Sour 2,HOT BAR SECTION,TEA,285,40613.33,
Stories Sour 2,HOT BAR SECTION,BEANS,13,7200,
Stories Sour 2,COLD BAR SECTION,MIXED COLD BEVERAGES,13321,3229573.33,
Stories Sour 2,COLD BAR SECTION,BLENDED BRINKS,11574,3123173.33,
Stories Sour 2,COLD BAR SECTION,ICE TEA,954,148766.67,
Stories Sour 2,COLD BAR SECTION,ADD SYRUP,16376,581033.33,
Stories Sour 2,COLD BAR SECTION,REPLACE,5388,268133.33,
Stories Sour 2,GRAB&GO BEVERAGES,SOFT DRINKS,11002,642713.33,
Stories Sour 2,COFFEE PASTRY,COFFEE PASTRY,2759,816046.67,
Stories Sour 2,CROISSANT,CROISSANT,1400,322706.67,
Stories Sour 2,COOKIES,COOKIES,564,188000,
Stories Sour 2,FRENCH PASTRY,FRENCH PASTRY,1086,358731.53,
Stories Sour 2,FROZEN YOGHURT,COMBO TOPPINGS,38554,0,
Stories Sour 2,FROZEN YOGHURT,TOPPINGS,2793,207146.67,
Stories Sour 2,FROZEN YOGHURT,LUXURY TOPPINGS,2732,308498.56,
Stories Sour 2,FROZEN YOGHURT,FROZEN YOGHURT,12659.7,4512979.33,
Stories Sour 2,SANDWICHES,SUB SANDWICHES,1643,449526.67,
Stories Sour 2,CINNAMON ROLLS,CINNAMONS,2111,660433.33,312.8533065
Stories Sour 2,NOT USED,NOT USED,262,47743.96,
Stories Sour 2,SUBS,ADD ONS,228,29326.67,
Stories Sour 2,POP UP BEVERAGE,POP UP BEVERAGE,18,0,
Stories Sour 2,OFFER,OFFER,18,7900,
Stories Sour 2,GRAB&GO FOOD,PACKAGED FOOD,524,83786.67,
Stories Sour 2,GRAB&GO FOOD,SALADS,136,69073.33,
Stories Sour 2,GRAB&GO FOOD,FRUITS,34,13373.33,
Stories Sour 2,GRAB&GO FOOD,PACKAGED DESSERT,237,96723.33,
Stories Sour 2,DONUTS,DONUTS,67,13400,
Stories Event Starco,HOT BAR SECTION,BLACK COFFEE,436,73663.66,
Stories Event Starco,HOT BAR SECTION,MIXED HOT BEVERAGE,807,187381.38,
Stories Event Starco,COLD BAR SECTION,MIXED COLD BEVERAGES,397,71669.67,
Stories Event Starco,COLD BAR SECTION,BLENDED BRINKS,270,67117.12,
Stories Event Starco,COLD BAR SECTION,ADD SYRUP,325,10036.04,
Stories Event Starco,COLD BAR SECTION,REPLACE,106,2702.7,
Stories Event Starco,GRAB&GO BEVERAGES,SOFT DRINKS,1008,54168.17,
Stories Event Starco,COFFEE PASTRY,COFFEE PASTRY,89,21435.44,
Stories Event Starco,FRENCH PASTRY,FRENCH PASTRY,30,8618.62,
Stories Event Starco,FROZEN YOGHURT,COMBO TOPPINGS,732,0,
Stories Event Starco,FROZEN YOGHURT,TOPPINGS,29,1873.87,
Stories Event Starco,FROZEN YOGHURT,FROZEN YOGHURT,236.5,85594.59,
Stories Event Starco,GRAB&GO FOOD,PACKAGED FOOD,18,2306.31,
Stories Event Starco,GRAB&GO FOOD,PACKAGED DESSERT,29,10744.74,
Stories Zalka,HOT BAR SECTION,BLACK COFFEE,45503,8410292.71,
Stories Zalka,HOT BAR SECTION,MIXED HOT BEVERAGE,60038.5,13541027.91,
Stories Zalka,HOT BAR SECTION,TEA,8864,1447909,
Stories Zalka,HOT BAR SECTION,BEANS,117,61714.11,
Stories Zalka,COLD BAR SECTION,MIXED COLD BEVERAGES,59551,14057139.71,
Stories Zalka,COLD BAR SECTION,BLENDED BRINKS,26538,6505316.48,
Stories Zalka,COLD BAR SECTION,ICE TEA,3542,538157.66,
Stories Zalka,COLD BAR SECTION,ADD SYRUP,59911,1795612.06,
Stories Zalka,COLD BAR SECTION,REPLACE,30084,996411.42,
Stories Zalka,GRAB&GO BEVERAGES,SOFT DRINKS,119251,6459879.57,
Stories Zalka,COFFEE PASTRY,COFFEE PASTRY,10168,2671555.87,
Stories Zalka,CROISSANT,CROISSANT,6836,1386622.23,
Stories Zalka,COOKIES,COOKIES,839,264567.57,
Stories Zalka,FRENCH PASTRY,FRENCH PASTRY,5549,1550102.41,
Stories Zalka,FROZEN YOGHURT,COMBO TOPPINGS,224987,0,
Stories Zalka,FROZEN YOGHURT,TOPPINGS,8315.5,557887.69,
Stories Zalka,FROZEN YOGHURT,LUXURY TOPPINGS,11292,1134914.41,
Stories Zalka,FROZEN YOGHURT,FROZEN YOGHURT,65717.45,22311470.2,
Stories Zalka,FROZEN YOGHURT,SPECIALTY YOGHURT,112.5,28166.67,
Stories Zalka,SALADS BAR,SALADS BAR,1618,1166126.12,
Stories Zalka,PLAT DE JOUR,PLAT DU JOUR,150,94594.6,
Stories Zalka,SANDWICHES,SUB SANDWICHES,25182,7608272.69,
Stories Zalka,CINNAMON ROLLS,CINNAMONS,10015,2985493.7,298.1022167
Stories Zalka,NOT USED,NOT USED,7544,2002916.67,
Stories Zalka,SUBS,ADD ONS,2357,265310.51,
Stories Zalka,POP UP BEVERAGE,POP UP BEVERAGE,9,0,
Stories Zalka,OFFER,OFFER,9,3693.69,
Stories Zalka,GRAB&GO FOOD,PACKAGED FOOD,4324,587066.67,
Stories Zalka,GRAB&GO FOOD,SALADS,2174,999297.3,
Stories Zalka,GRAB&GO FOOD,FRUITS,2106,614020,
Stories Zalka,GRAB&GO FOOD,PACKAGED DESSERT,893,325600.6,
Stories Zalka,DONUTS,DONUTS,2055,411000,
Stories Antelias,HOT BAR SECTION,BLACK COFFEE,9945.5,1874779.52,
Stories Antelias,HOT BAR SECTION,MIXED HOT BEVERAGE,17994,4162688.7,
Stories Antelias,HOT BAR SECTION,TEA,2267,255680.18,
Stories Antelias,HOT BAR SECTION,BEANS,35.5,19286.49,
Stories Antelias,COLD BAR SECTION,MIXED COLD BEVERAGES,18264,4391110.75,
Stories Antelias,COLD BAR SECTION,BLENDED BRINKS,7230,1840198.72,
Stories Antelias,COLD BAR SECTION,ICE TEA,442,72897.9,
Stories Antelias,COLD BAR SECTION,ADD SYRUP,16975,508398.93,
Stories Antelias,COLD BAR SECTION,REPLACE,15318,452911,
Stories Antelias,GRAB&GO BEVERAGES,SOFT DRINKS,13374,737383.13,
Stories Antelias,COFFEE PASTRY,COFFEE PASTRY,4334,1131097.3,
Stories Antelias,CROISSANT,CROISSANT,3016,634341.38,
Stories Antelias,COOKIES,COOKIES,503,160432.43,
Stories Antelias,FRENCH PASTRY,FRENCH PASTRY,2021,561103.67,
Stories Antelias,FROZEN YOGHURT,COMBO TOPPINGS,78615,0,
Stories Antelias,FROZEN YOGHURT,TOPPINGS,2541,179807.09,
Stories Antelias,FROZEN YOGHURT,LUXURY TOPPINGS,4157,435906.27,
Stories Antelias,FROZEN YOGHURT,FROZEN YOGHURT,27344,8360295.53,
Stories Antelias,SANDWICHES,SUB SANDWICHES,5153,1457070.66,
Stories Antelias,CINNAMON ROLLS,CINNAMONS,2741,714597,260.7066764
Stories Antelias,CARTON,PACKAGING,5838,0,
Stories Antelias,NOT USED,NOT USED,998.5,103101.56,
Stories Antelias,SUBS,ADD ONS,167.5,17946.52,
Stories Antelias,POP UP BEVERAGE,POP UP BEVERAGE,5,0,
Stories Antelias,OFFER,OFFER,5,1891.89,
Stories Antelias,GRAB&GO FOOD,PACKAGED FOOD,865,137577.54,
Stories Antelias,GRAB&GO FOOD,SALADS,499,234593.21,
Stories Antelias,GRAB&GO FOOD,FRUITS,395,145558.11,
Stories Antelias,GRAB&GO FOOD,PACKAGED DESSERT,170,63753.75,
Stories Antelias,DONUTS,DONUTS,647,134480,
Stories Antelias,HEALTHY SECTION,HEALTHY SECTION,0,0,
Stories Verdun,HOT BAR SECTION,BLACK COFFEE,4133,716811.99,
Stories Verdun,HOT BAR SECTION,MIXED HOT BEVERAGE,15966.8,3844495.84,
Stories Verdun,HOT BAR SECTION,TEA,377,27433.93,
Stories Verdun,HOT BAR SECTION,BEANS,20,9926.73,
Stories Verdun,COLD BAR SECTION,MIXED COLD BEVERAGES,16290.92,4012610.04,
Stories Verdun,COLD BAR SECTION,BLENDED BRINKS,11287,2949468.17,
Stories Verdun,COLD BAR SECTION,ICE TEA,261,40314.11,
Stories Verdun,COLD BAR SECTION,ADD SYRUP,20557.7,680433.72,
Stories Verdun,COLD BAR SECTION,REPLACE,14134.5,379315.41,
Stories Verdun,GRAB&GO BEVERAGES,SOFT DRINKS,6914,349788.2,
Stories Verdun,COFFEE PASTRY,COFFEE PASTRY,2530,593534.63,
Stories Verdun,CROISSANT,CROISSANT,1894,408538.02,
Stories Verdun,COOKIES,COOKIES,464,152625.83,
Stories Verdun,FRENCH PASTRY,FRENCH PASTRY,338,110385.41,
Stories Verdun,FROZEN YOGHURT,COMBO TOPPINGS,60381,0,
Stories Verdun,FROZEN YOGHURT,TOPPINGS,3853,277828.77,
Stories Verdun,FROZEN YOGHURT,LUXURY TOPPINGS,2850,310002.13,
Stories Verdun,FROZEN YOGHURT,FROZEN YOGHURT,18898.7,6528235.98,
Stories Verdun,FROZEN YOGHURT,SPECIALTY YOGHURT,14.5,833.33,
Stories Verdun,CINNAMON ROLLS,CINNAMONS,2532,684125.89,270.1918997
Stories Verdun,CARTON,PACKAGING,7891,0,
Stories Verdun,NOT USED,NOT USED,476.5,83956.67,
Stories Verdun,POP UP BEVERAGE,POP UP BEVERAGE,3,0,
Stories Verdun,OFFER,OFFER,3,1171.17,
Stories Verdun,GRAB&GO FOOD,PACKAGED FOOD,375,69486.01,
Stories Verdun,GRAB&GO FOOD,PACKAGED DESSERT,42,15765.77,
Stories Verdun,DONUTS,DONUTS,515,106600,
Stories Khaldeh,HOT BAR SECTION,BLACK COFFEE,21210,3738227.54,
Stories Khaldeh,HOT BAR SECTION,MIXED HOT BEVERAGE,58631,13522435.01,
Stories Khaldeh,HOT BAR SECTION,TEA,1888,259091.29,
Stories Khaldeh,HOT BAR SECTION,BEANS,176,96804.8,
Stories Khaldeh,COLD BAR SECTION,MIXED COLD BEVERAGES,53129,12682016.58,
Stories Khaldeh,COLD BAR SECTION,BLENDED BRINKS,40849,10311415.06,
Stories Khaldeh,COLD BAR SECTION,ICE TEA,1916,355662.16,
Stories Khaldeh,COLD BAR SECTION,ADD SYRUP,62508,2016999.23,
Stories Khaldeh,COLD BAR SECTION,REPLACE,30729,731543.43,
Stories Khaldeh,GRAB&GO BEVERAGES,SOFT DRINKS,41954,2168297.74,
Stories Khaldeh,COFFEE PASTRY,COFFEE PASTRY,13252,3410708.87,
Stories Khaldeh,CROISSANT,CROISSANT,4253,879868.71,
Stories Khaldeh,COOKIES,COOKIES,2489,769611.11,
Stories Khaldeh,FRENCH PASTRY,FRENCH PASTRY,6444,1793823.19,
Stories Khaldeh,FROZEN YOGHURT,COMBO TOPPINGS,131985,0,
Stories Khaldeh,FROZEN YOGHURT,TOPPINGS,6465,434883.73,
Stories Khaldeh,FROZEN YOGHURT,LUXURY TOPPINGS,7326,748685.07,
Stories Khaldeh,FROZEN YOGHURT,FROZEN YOGHURT,43580.95,13379604.69,
Stories Khaldeh,FROZEN YOGHURT,SPECIALTY YOGHURT,168,30866.67,
Stories Khaldeh,SANDWICHES,SUB SANDWICHES,13918,3856891.57,
Stories Khaldeh,CINNAMON ROLLS,CINNAMONS,9527,2924227.34,306.9410454
Stories Khaldeh,CARTON,PACKAGING,4569,0,
Stories Khaldeh,NOT USED,NOT USED,6024.7,1208746.73,
Stories Khaldeh,SUBS,ADD ONS,1441,167148.89,
Stories Khaldeh,POP UP BEVERAGE,POP UP BEVERAGE,13,0,
Stories Khaldeh,OFFER,OFFER,13,5165.17,
Stories Khaldeh,GRAB&GO FOOD,PACKAGED FOOD,2492,347405.95,
Stories Khaldeh,GRAB&GO FOOD,SALADS,1365,632202.22,
Stories Khaldeh,GRAB&GO FOOD,FRUITS,686,222732.88,
Stories Khaldeh,GRAB&GO FOOD,PACKAGED DESSERT,348,127483.48,
Stories Khaldeh,DONUTS,DONUTS,1223,248920,
Stories Khaldeh,HEALTHY SECTION,HEALTHY SECTION,17,4054.05,
Stories Bayada,HOT BAR SECTION,BLACK COFFEE,25333,4588627.54,
Stories Bayada,HOT BAR SECTION,MIXED HOT BEVERAGE,29679,6178857.33,
Stories Bayada,HOT BAR SECTION,TEA,5610,869212.61,
Stories Bayada,HOT BAR SECTION,BEANS,90,48977.78,
Stories Bayada,COLD BAR SECTION,MIXED COLD BEVERAGES,31701,7392982.38,
Stories Bayada,COLD BAR SECTION,BLENDED BRINKS,14265,3432346.05,
Stories Bayada,COLD BAR SECTION,ICE TEA,1048,217916.52,
Stories Bayada,COLD BAR SECTION,ADD SYRUP,26995,669298.52,
Stories Bayada,COLD BAR SECTION,REPLACE,18593,751323.7,
Stories Bayada,GRAB&GO BEVERAGES,SOFT DRINKS,52785,2784552.3,
Stories Bayada,COFFEE PASTRY,COFFEE PASTRY,5557,1471117.96,
Stories Bayada,CROISSANT,CROISSANT,6036,1220226.49,
Stories Bayada,COOKIES,COOKIES,1128,355954.95,
Stories Bayada,FRENCH PASTRY,FRENCH PASTRY,3017,858977.9,
Stories Bayada,FROZEN YOGHURT,COMBO TOPPINGS,100572.5,0,
Stories Bayada,FROZEN YOGHURT,TOPPINGS,4326,293064.45,
Stories Bayada,FROZEN YOGHURT,LUXURY TOPPINGS,5721,578905.46,
Stories Bayada,FROZEN YOGHURT,FROZEN YOGHURT,59506.5,10564110.55,
Stories Bayada,FROZEN YOGHURT,SPECIALTY YOGHURT,1143,31643.84,
Stories Bayada,SALADS BAR,SALADS BAR,1127,857837.84,
Stories Bayada,SANDWICHES,SUB SANDWICHES,9554,2475250.82,
Stories Bayada,CINNAMON ROLLS,CINNAMONS,4972,1459129.73,293.4693745
Stories Bayada,NOT USED,NOT USED,3265.5,809435.71,
Stories Bayada,SUBS,ADD ONS,636,70687.99,
Stories Bayada,POP UP BEVERAGE,POP UP BEVERAGE,5,0,
Stories Bayada,OFFER,OFFER,5,2132.13,
Stories Bayada,GRAB&GO FOOD,PACKAGED FOOD,2155,291161.68,
Stories Bayada,GRAB&GO FOOD,FRUITS,1229,364972.88,
Stories Bayada,GRAB&GO FOOD,PACKAGED DESSERT,319,116651.65,
Stories Bayada,DONUTS,DONUTS,345,68993.87,
Stories Le Mall,HOT BAR SECTION,BLACK COFFEE,14765,2688788.11,
Stories Le Mall,HOT BAR SECTION,MIXED HOT BEVERAGE,22778,4994017.33,
Stories Le Mall,HOT BAR SECTION,TEA,2157,312355.85,
Stories Le Mall,HOT BAR SECTION,BEANS,30,15554.35,
Stories Le Mall,COLD BAR SECTION,MIXED COLD BEVERAGES,26551,6046859.76,
Stories Le Mall,COLD BAR SECTION,BLENDED BRINKS,12915,3234541.69,
Stories Le Mall,COLD BAR SECTION,ICE TEA,1136,248801.5,
Stories Le Mall,COLD BAR SECTION,ADD SYRUP,22130,626815.04,
Stories Le Mall,COLD BAR SECTION,REPLACE,13516.5,525957.9,
Stories Le Mall,GRAB&GO BEVERAGES,SOFT DRINKS,39439,2048586.09,
Stories Le Mall,COFFEE PASTRY,COFFEE PASTRY,6830,1743605.41,
Stories Le Mall,CROISSANT,CROISSANT,3534,712106.91,
Stories Le Mall,COOKIES,COOKIES,652,206234.23,
Stories Le Mall,FRENCH PASTRY,FRENCH PASTRY,3106,845554.36,
Stories Le Mall,FROZEN YOGHURT,COMBO TOPPINGS,124880,0,
Stories Le Mall,FROZEN YOGHURT,TOPPINGS,3889,261980.18,
Stories Le Mall,FROZEN YOGHURT,LUXURY TOPPINGS,3072.5,307084.68,
Stories Le Mall,FROZEN YOGHURT,FROZEN YOGHURT,41884.95,13310085.7,
Stories Le Mall,FROZEN YOGHURT,SPECIALTY YOGHURT,234,36233.33,
Stories Le Mall,SALADS BAR,SALADS BAR,619,472526.13,
Stories Le Mall,SANDWICHES,SUB SANDWICHES,6727,1617646.55,
Stories Le Mall,CINNAMON ROLLS,CINNAMONS,5441,1649062.47,303.0807701
Stories Le Mall,CARTON,PACKAGING,1,0,
Stories Le Mall,NOT USED,NOT USED,3777.5,514595.5,
Stories Le Mall,SUBS,ADD ONS,388.6,43866.37,
Stories Le Mall,POP UP BEVERAGE,POP UP BEVERAGE,22,0,
Stories Le Mall,OFFER,OFFER,22,8618.62,
Stories Le Mall,GRAB&GO FOOD,PACKAGED FOOD,1545,228185.59,
Stories Le Mall,GRAB&GO FOOD,SALADS,135,62114.11,
Stories Le Mall,GRAB&GO FOOD,FRUITS,556,181444.74,
Stories Le Mall,GRAB&GO FOOD,PACKAGED DESSERT,288,105294.29,
Stories Batroun,HOT BAR SECTION,BLACK COFFEE,26650,4876724.96,
Stories Batroun,HOT BAR SECTION,MIXED HOT BEVERAGE,39861.3,8406701.24,
Stories Batroun,HOT BAR SECTION,TEA,4344,702587.68,
Stories Batroun,HOT BAR SECTION,BEANS,66.5,33760.96,
Stories Batroun,COLD BAR SECTION,MIXED COLD BEVERAGES,36183,8396886.24,
Stories Batroun,COLD BAR SECTION,BLENDED BRINKS,17164,4201530.33,
Stories Batroun,COLD BAR SECTION,ICE TEA,1292,243833.81,
Stories Batroun,COLD BAR SECTION,ADD SYRUP,28398.5,760682.43,
Stories Batroun,COLD BAR SECTION,REPLACE,15850,531056.87,
Stories Batroun,GRAB&GO BEVERAGES,SOFT DRINKS,46632,2405600.07,
Stories Batroun,COFFEE PASTRY,COFFEE PASTRY,6192,1731926.79,
Stories Batroun,CROISSANT,CROISSANT,4522,919746.61,
Stories Batroun,COOKIES,COOKIES,987,309825.83,
Stories Batroun,FRENCH PASTRY,FRENCH PASTRY,4052,1128700.97,
Stories Batroun,FROZEN YOGHURT,COMBO TOPPINGS,82337,0,
Stories Batroun,FROZEN YOGHURT,TOPPINGS,2239,149439.34,
Stories Batroun,FROZEN YOGHURT,LUXURY TOPPINGS,2555.5,258865.94,
Stories Batroun,FROZEN YOGHURT,FROZEN YOGHURT,32214.75,9204122.52,
Stories Batroun,SANDWICHES,SUB SANDWICHES,9765,2520352.08,
Stories Batroun,CINNAMON ROLLS,CINNAMONS,3644,1020124.03,279.9462212
Stories Batroun,CARTON,PACKAGING,20,0,
Stories Batroun,NOT USED,NOT USED,2253,482021.32,
Stories Batroun,SUBS,ADD ONS,810.5,97182.4,
Stories Batroun,POP UP BEVERAGE,POP UP BEVERAGE,3,0,
Stories Batroun,OFFER,OFFER,3,1261.26,
Stories Batroun,GRAB&GO FOOD,PACKAGED FOOD,1519,214733.99,
Stories Batroun,GRAB&GO FOOD,SALADS,765,349610.51,
Stories Batroun,GRAB&GO FOOD,FRUITS,591,168470,
Stories Batroun,GRAB&GO FOOD,PACKAGED DESSERT,256,93426.43,
Stories Batroun,DONUTS,DONUTS,719,144100,
Stories Saida,HOT BAR SECTION,BLACK COFFEE,14232,2316945.21,
Stories Saida,HOT BAR SECTION,MIXED HOT BEVERAGE,32864.75,7373989.56,
Stories Saida,HOT BAR SECTION,TEA,2359,342102.7,
Stories Saida,HOT BAR SECTION,BEANS,37,21569.97,
Stories Saida,COLD BAR SECTION,MIXED COLD BEVERAGES,27569,6528420.67,
Stories Saida,COLD BAR SECTION,BLENDED BRINKS,24826,6250714.31,
Stories Saida,COLD BAR SECTION,ICE TEA,1884,348232.25,
Stories Saida,COLD BAR SECTION,ADD SYRUP,41042,1440931.73,
Stories Saida,COLD BAR SECTION,REPLACE,14278,347719.84,
Stories Saida,GRAB&GO BEVERAGES,SOFT DRINKS,36868,1729814.37,
Stories Saida,COFFEE PASTRY,COFFEE PASTRY,7290,1982055.47,
Stories Saida,CROISSANT,CROISSANT,2117,435302.4,
Stories Saida,COOKIES,COOKIES,1015,323604.2,
Stories Saida,FRENCH PASTRY,FRENCH PASTRY,3235,909802.98,
Stories Saida,FROZEN YOGHURT,COMBO TOPPINGS,125464,0,
Stories Saida,FROZEN YOGHURT,TOPPINGS,6615,439415.08,
Stories Saida,FROZEN YOGHURT,LUXURY TOPPINGS,8233.5,835624.86,
Stories Saida,FROZEN YOGHURT,FROZEN YOGHURT,41294.3,12968800.6,
Stories Saida,FROZEN YOGHURT,SPECIALTY YOGHURT,25.5,5933.33,
Stories Saida,SALADS BAR,SALADS BAR,198,158400,
Stories Saida,SANDWICHES,SUB SANDWICHES,8825,2191983.07,
Stories Saida,CINNAMON ROLLS,CINNAMONS,7027,2093235.14,297.8846079
Stories Saida,CARTON,PACKAGING,2598,0,
Stories Saida,NOT USED,NOT USED,3815.5,766350.63,
Stories Saida,SUBS,ADD ONS,1016,111076.07,
Stories Saida,POP UP BEVERAGE,POP UP BEVERAGE,143,0,
Stories Saida,OFFER,OFFER,143,57237.24,
Stories Saida,GRAB&GO FOOD,PACKAGED FOOD,1265,165533.93,
Stories Saida,GRAB&GO FOOD,SALADS,356,161692.31,
Stories Saida,GRAB&GO FOOD,FRUITS,157,36606.67,
Stories Saida,GRAB&GO FOOD,PACKAGED DESSERT,217,79864.86,
Stories Saida,DONUTS,DONUTS,1130,227112.43,
Stories Saida,HEALTHY SECTION,HEALTHY SECTION,1,270.27,
Stories Ramlet El Bayda,HOT BAR SECTION,BLACK COFFEE,19276,3480422.65,
Stories Ramlet El Bayda,HOT BAR SECTION,MIXED HOT BEVERAGE,34889.3,7545825.32,
Stories Ramlet El Bayda,HOT BAR SECTION,TEA,2517,408088.29,
Stories Ramlet El Bayda,HOT BAR SECTION,BEANS,73,36884.08,
Stories Ramlet El Bayda,COLD BAR SECTION,MIXED COLD BEVERAGES,36850,8422109.37,
Stories Ramlet El Bayda,COLD BAR SECTION,BLENDED BRINKS,17962,4380957.62,
Stories Ramlet El Bayda,COLD BAR SECTION,ICE TEA,2138,409260.06,
Stories Ramlet El Bayda,COLD BAR SECTION,ADD SYRUP,49270,1548706.65,
Stories Ramlet El Bayda,COLD BAR SECTION,REPLACE,22240.1,919507.94,
Stories Ramlet El Bayda,GRAB&GO BEVERAGES,SOFT DRINKS,48464,2682619.16,
Stories Ramlet El Bayda,COFFEE PASTRY,COFFEE PASTRY,6788,1820111.72,
Stories Ramlet El Bayda,CROISSANT,CROISSANT,3448,700818.02,
Stories Ramlet El Bayda,COOKIES,COOKIES,1967,616786.79,
Stories Ramlet El Bayda,FRENCH PASTRY,FRENCH PASTRY,3658,1044378.08,
Stories Ramlet El Bayda,FROZEN YOGHURT,COMBO TOPPINGS,71752,0,
Stories Ramlet El Bayda,FROZEN YOGHURT,TOPPINGS,4448,298977.18,
Stories Ramlet El Bayda,FROZEN YOGHURT,LUXURY TOPPINGS,6370.5,642840.38,
Stories Ramlet El Bayda,FROZEN YOGHURT,FROZEN YOGHURT,24380.45,7697370.98,
Stories Ramlet El Bayda,FROZEN YOGHURT,SPECIALTY YOGHURT,30.5,9666.67,
Stories Ramlet El Bayda,SALADS BAR,SALADS BAR,2202,1665117.12,
Stories Ramlet El Bayda,PLAT DE JOUR,PLAT DU JOUR,296,186666.67,
Stories Ramlet El Bayda,SANDWICHES,SUB SANDWICHES,11153,3077796.1,
Stories Ramlet El Bayda,CINNAMON ROLLS,CINNAMONS,5485,1445503.91,263.5376317
Stories Ramlet El Bayda,CARTON,PACKAGING,2553,0,
Stories Ramlet El Bayda,NOT USED,NOT USED,2628.5,543988.29,
Stories Ramlet El Bayda,SUBS,ADD ONS,2211.5,249608.71,
Stories Ramlet El Bayda,POP UP BEVERAGE,POP UP BEVERAGE,0,0,
Stories Ramlet El Bayda,OFFER,OFFER,0,0,
Stories Ramlet El Bayda,GRAB&GO FOOD,PACKAGED FOOD,2109,289085.89,
Stories Ramlet El Bayda,GRAB&GO FOOD,SALADS,1,462.46,
Stories Ramlet El Bayda,GRAB&GO FOOD,FRUITS,673,188962.46,
Stories Ramlet El Bayda,GRAB&GO FOOD,PACKAGED DESSERT,385,140399.4,
Stories Ramlet El Bayda,DONUTS,DONUTS,459,91800,
Stories jbeil,HOT BAR SECTION,BLACK COFFEE,9885,2002473.33,
Stories jbeil,HOT BAR SECTION,MIXED HOT BEVERAGE,16019,3860000,
Stories jbeil,HOT BAR SECTION,TEA,2134,375320,
Stories jbeil,HOT BAR SECTION,BEANS,33,17866.67,
Stories jbeil,COLD BAR SECTION,MIXED COLD BEVERAGES,15699,3989060,
Stories jbeil,COLD BAR SECTION,BLENDED BRINKS,5870,1604646.67,
Stories jbeil,COLD BAR SECTION,ICE TEA,220,46533.33,
Stories jbeil,COLD BAR SECTION,ADD SYRUP,13479.5,386213.33,
Stories jbeil,COLD BAR SECTION,REPLACE,8140.5,294166.67,
Stories jbeil,GRAB&GO BEVERAGES,SOFT DRINKS,25963,1622880,
Stories jbeil,COFFEE PASTRY,COFFEE PASTRY,3368,1006186.67,
Stories jbeil,CROISSANT,CROISSANT,3061,696793.33,
Stories jbeil,PIZZA,PIZZA,294,134406.91,
Stories jbeil,COOKIES,COOKIES,445,148333.33,
Stories jbeil,FRENCH PASTRY,FRENCH PASTRY,2101,690471.17,
Stories jbeil,FROZEN YOGHURT,COMBO TOPPINGS,47644,0,
Stories jbeil,FROZEN YOGHURT,TOPPINGS,1414,105440,
Stories jbeil,FROZEN YOGHURT,LUXURY TOPPINGS,1789,202353.33,
Stories jbeil,FROZEN YOGHURT,FROZEN YOGHURT,15007.85,5553154.25,
Stories jbeil,SANDWICHES,SUB SANDWICHES,6561,1957945.29,
Stories jbeil,CINNAMON ROLLS,CINNAMONS,2400,832733.33,346.9722208
Stories jbeil,WRAP,WRAP,156,80933.33,
Stories jbeil,NOT USED,NOT USED,97,33473.96,
Stories jbeil,SUBS,ADD ONS,518,63004.68,
Stories jbeil,POP UP BEVERAGE,POP UP BEVERAGE,3,0,
Stories jbeil,OFFER,OFFER,3,1300,
Stories jbeil,GRAB&GO FOOD,PACKAGED FOOD,1006,149756.76,
Stories jbeil,GRAB&GO FOOD,SALADS,739,366106.67,
Stories jbeil,GRAB&GO FOOD,FRUITS,291,91646.67,
Stories jbeil,GRAB&GO FOOD,PACKAGED DESSERT,482,196316.88,
Stories jbeil,DONUTS,DONUTS,1,200,
Stories jbeil,HEALTHY SECTION,HEALTHY SECTION,1472,652457.66,
Stories Airport,HOT BAR SECTION,BLACK COFFEE,8174,1435147.15,
Stories Airport,HOT BAR SECTION,MIXED HOT BEVERAGE,22316,5183645.65,
Stories Airport,HOT BAR SECTION,TEA,1123,174408.41,
Stories Airport,HOT BAR SECTION,BEANS,18,8888.89,
Stories Airport,COLD BAR SECTION,MIXED COLD BEVERAGES,26594,6302348.36,
Stories Airport,COLD BAR SECTION,BLENDED BRINKS,30563,7641339.39,
Stories Airport,COLD BAR SECTION,ICE TEA,2773,579639.64,
Stories Airport,COLD BAR SECTION,ADD SYRUP,20998.5,630288.33,
Stories Airport,COLD BAR SECTION,REPLACE,5848,165255.26,
Stories Airport,GRAB&GO BEVERAGES,SOFT DRINKS,24592,1328972.93,
Stories Airport,COFFEE PASTRY,COFFEE PASTRY,7507,2119135.15,
Stories Airport,CROISSANT,CROISSANT,2156,443753.76,
Stories Airport,COOKIES,COOKIES,1216,365165.16,
Stories Airport,FRENCH PASTRY,FRENCH PASTRY,2918,885195.2,
Stories Airport,FROZEN YOGHURT,COMBO TOPPINGS,58499,0,
Stories Airport,FROZEN YOGHURT,TOPPINGS,1916,127531.53,
Stories Airport,FROZEN YOGHURT,LUXURY TOPPINGS,2109,215333.33,
Stories Airport,FROZEN YOGHURT,FROZEN YOGHURT,17061.5,5955815.62,
Stories Airport,SANDWICHES,SUB SANDWICHES,3945,844426.43,
Stories Airport,CINNAMON ROLLS,CINNAMONS,5145,1542702.71,299.845036
Stories Airport,NOT USED,NOT USED,255,17495.5,
Stories Airport,SUBS,ADD ONS,360,41471.47,
Stories Airport,POP UP BEVERAGE,POP UP BEVERAGE,17,0,
Stories Airport,OFFER,OFFER,17,6816.82,
Stories Airport,GRAB&GO FOOD,PACKAGED FOOD,982,143531.53,
Stories Airport,GRAB&GO FOOD,SALADS,483,217099.1,
Stories Airport,GRAB&GO FOOD,PACKAGED DESSERT,304,112012.01,
Stories alay,HOT BAR SECTION,BLACK COFFEE,10374.5,1900240.24,
Stories alay,HOT BAR SECTION,MIXED HOT BEVERAGE,18530.4,4143824.63,
Stories alay,HOT BAR SECTION,TEA,1830,243195.19,
Stories alay,HOT BAR SECTION,BEANS,13,6966.97,
Stories alay,COLD BAR SECTION,MIXED COLD BEVERAGES,17227,3951075.08,
Stories alay,COLD BAR SECTION,BLENDED BRINKS,16775,4072720.74,
Stories alay,COLD BAR SECTION,ICE TEA,899,170000,
Stories alay,COLD BAR SECTION,ADD SYRUP,16838.75,470385.92,
Stories alay,COLD BAR SECTION,REPLACE,6115.5,203333.34,
Stories alay,GRAB&GO BEVERAGES,SOFT DRINKS,16332,867831.8,
Stories alay,COFFEE PASTRY,COFFEE PASTRY,4816,1403777.79,
Stories alay,CROISSANT,CROISSANT,2152,447315.32,
Stories alay,COOKIES,COOKIES,374,112312.31,
Stories alay,FRENCH PASTRY,FRENCH PASTRY,2034,617177.18,
Stories alay,FROZEN YOGHURT,COMBO TOPPINGS,50367,0,
Stories alay,FROZEN YOGHURT,TOPPINGS,1511.5,99303.3,
Stories alay,FROZEN YOGHURT,LUXURY TOPPINGS,1776,181237.23,
Stories alay,FROZEN YOGHURT,FROZEN YOGHURT,15591.45,5099342.95,
Stories alay,SALADS BAR,SALADS BAR,41,29549.55,
Stories alay,SANDWICHES,SUB SANDWICHES,3390,705207.21,
Stories alay,CINNAMON ROLLS,CINNAMONS,4042,1232642.65,304.9585972
Stories alay,NOT USED,NOT USED,318,67822.82,
Stories alay,SUBS,ADD ONS,261,31135.14,
Stories alay,POP UP BEVERAGE,POP UP BEVERAGE,1,0,
Stories alay,OFFER,OFFER,1,390.39,
Stories alay,GRAB&GO FOOD,PACKAGED FOOD,727,101711.71,
Stories alay,GRAB&GO FOOD,SALADS,142,64792.79,
Stories alay,GRAB&GO FOOD,FRUITS,7,1957.96,
Stories alay,GRAB&GO FOOD,PACKAGED DESSERT,159,57576.58,
Stories Mansourieh,HOT BAR SECTION,BLACK COFFEE,9141,1705372.37,
Stories Mansourieh,HOT BAR SECTION,MIXED HOT BEVERAGE,12894,2937756.76,
Stories Mansourieh,HOT BAR SECTION,TEA,1336,214624.62,
Stories Mansourieh,HOT BAR SECTION,BEANS,75,41081.08,
Stories Mansourieh,COLD BAR SECTION,MIXED COLD BEVERAGES,18751,4318186.19,
Stories Mansourieh,COLD BAR SECTION,BLENDED BRINKS,7614,1862591.6,
Stories Mansourieh,COLD BAR SECTION,ICE TEA,934,74390.39,
Stories Mansourieh,COLD BAR SECTION,ADD SYRUP,14808,415693.72,
Stories Mansourieh,COLD BAR SECTION,REPLACE,9447,342387.39,
Stories Mansourieh,GRAB&GO BEVERAGES,SOFT DRINKS,21438.5,1225279.24,
Stories Mansourieh,COFFEE PASTRY,COFFEE PASTRY,4184,1098939.95,
Stories Mansourieh,CROISSANT,CROISSANT,2672,547903.91,
Stories Mansourieh,COOKIES,COOKIES,502,151801.8,
Stories Mansourieh,FRENCH PASTRY,FRENCH PASTRY,1619,501768.77,
Stories Mansourieh,FROZEN YOGHURT,COMBO TOPPINGS,65145,0,
Stories Mansourieh,FROZEN YOGHURT,TOPPINGS,2364,163159.76,
Stories Mansourieh,FROZEN YOGHURT,LUXURY TOPPINGS,3158,327876.87,
Stories Mansourieh,FROZEN YOGHURT,FROZEN YOGHURT,19702.9,6917484.1,
Stories Mansourieh,SALADS BAR,SALADS BAR,704,507387.39,
Stories Mansourieh,SANDWICHES,SUB SANDWICHES,7008,1854540.55,
Stories Mansourieh,CINNAMON ROLLS,CINNAMONS,3743,1102024.03,294.4226636
Stories Mansourieh,NOT USED,NOT USED,267,64924.93,
Stories Mansourieh,SUBS,ADD ONS,402,45807.81,
Stories Mansourieh,POP UP BEVERAGE,POP UP BEVERAGE,24,0,
Stories Mansourieh,OFFER,OFFER,24,9849.85,
Stories Mansourieh,GRAB&GO FOOD,PACKAGED FOOD,920,132549.55,
Stories Mansourieh,GRAB&GO FOOD,SALADS,344,154972.97,
Stories Mansourieh,GRAB&GO FOOD,FRUITS,70,19579.58,
Stories Mansourieh,GRAB&GO FOOD,PACKAGED DESSERT,196,69267.27,
Stories Mansourieh,DONUTS,DONUTS,2,360.36,
Stories sin el fil,HOT BAR SECTION,BLACK COFFEE,4381.5,786843.85,
Stories sin el fil,HOT BAR SECTION,MIXED HOT BEVERAGE,7678,1661477.48,
Stories sin el fil,HOT BAR SECTION,TEA,884,140810.81,
Stories sin el fil,HOT BAR SECTION,BEANS,12,6606.61,
Stories sin el fil,COLD BAR SECTION,MIXED COLD BEVERAGES,5407,1202954.96,
Stories sin el fil,COLD BAR SECTION,BLENDED BRINKS,2307,560174.18,
Stories sin el fil,COLD BAR SECTION,ICE TEA,330,44924.93,
Stories sin el fil,COLD BAR SECTION,ADD SYRUP,6657,185183.19,
Stories sin el fil,COLD BAR SECTION,REPLACE,4510,134594.6,
Stories sin el fil,GRAB&GO BEVERAGES,SOFT DRINKS,7835,459672.66,
Stories sin el fil,COFFEE PASTRY,COFFEE PASTRY,1669,425237.24,
Stories sin el fil,CROISSANT,CROISSANT,1001,203969.97,
Stories sin el fil,COOKIES,COOKIES,362,108708.71,
Stories sin el fil,FRENCH PASTRY,FRENCH PASTRY,541,166006.01,
Stories sin el fil,FROZEN YOGHURT,COMBO TOPPINGS,16574,0,
Stories sin el fil,FROZEN YOGHURT,TOPPINGS,776,52036.04,
Stories sin el fil,FROZEN YOGHURT,LUXURY TOPPINGS,995,101591.59,
Stories sin el fil,FROZEN YOGHURT,FROZEN YOGHURT,5286.5,1720324.33,
Stories sin el fil,SALADS BAR,SALADS BAR,611,440360.36,
Stories sin el fil,PLAT DE JOUR,PLAT DU JOUR,418,263603.6,
Stories sin el fil,SANDWICHES,SUB SANDWICHES,3608,967567.57,
Stories sin el fil,CINNAMON ROLLS,CINNAMONS,1308,358858.86,274.3569266
Stories sin el fil,NOT USED,NOT USED,10,5675.68,
Stories sin el fil,SUBS,ADD ONS,387,45783.78,
Stories sin el fil,GRAB&GO FOOD,PACKAGED FOOD,663,101993.99,
Stories sin el fil,GRAB&GO FOOD,FRUITS,177,62720.72,
Stories sin el fil,GRAB&GO FOOD,PACKAGED DESSERT,255,90663.66,
Stories sin el fil,DONUTS,DONUTS,1,180.18,
Stories amioun,HOT BAR SECTION,BLACK COFFEE,3621,679309.31,
Stories amioun,HOT BAR SECTION,MIXED HOT BEVERAGE,8707,1891688.29,
Stories amioun,HOT BAR SECTION,TEA,1316,214582.58,
Stories amioun,HOT BAR SECTION,BEANS,23,11291.29,
Stories amioun,COLD BAR SECTION,MIXED COLD BEVERAGES,4646,1013456.46,
Stories amioun,COLD BAR SECTION,BLENDED BRINKS,2808,680885.89,
Stories amioun,COLD BAR SECTION,ICE TEA,125,22492.49,
Stories amioun,COLD BAR SECTION,ADD SYRUP,5781,151384.4,
Stories amioun,COLD BAR SECTION,REPLACE,3983,84339.34,
Stories amioun,GRAB&GO BEVERAGES,SOFT DRINKS,8267,459249.23,
Stories amioun,COFFEE PASTRY,COFFEE PASTRY,2123,581888.89,
Stories amioun,CROISSANT,CROISSANT,1376,281756.76,
Stories amioun,COOKIES,COOKIES,256,76966.97,
Stories amioun,FRENCH PASTRY,FRENCH PASTRY,943,284804.81,
Stories amioun,FROZEN YOGHURT,COMBO TOPPINGS,16228,0,
Stories amioun,FROZEN YOGHURT,TOPPINGS,878,58666.67,
Stories amioun,FROZEN YOGHURT,LUXURY TOPPINGS,654,66714.71,
Stories amioun,FROZEN YOGHURT,FROZEN YOGHURT,5451.7,1691213.82,
Stories amioun,SALADS BAR,SALADS BAR,319,229909.91,
Stories amioun,SANDWICHES,SUB SANDWICHES,2827,767780.78,
Stories amioun,CINNAMON ROLLS,CINNAMONS,905,238282.28,263.295337
Stories amioun,NOT USED,NOT USED,78,14672.67,
Stories amioun,SUBS,ADD ONS,138,15723.72,
Stories amioun,POP UP BEVERAGE,POP UP BEVERAGE,2,0,
Stories amioun,OFFER,OFFER,2,780.78,
Stories amioun,GRAB&GO FOOD,PACKAGED FOOD,629,91369.37,
Stories amioun,GRAB&GO FOOD,SALADS,55,24870.87,
Stories amioun,GRAB&GO FOOD,FRUITS,51,13543.54,
Stories amioun,GRAB&GO FOOD,PACKAGED DESSERT,320,118438.44,
Stories raouche,HOT BAR SECTION,BLACK COFFEE,1637,290297.3,
Stories raouche,HOT BAR SECTION,MIXED HOT BEVERAGE,5073,1145550.75,
Stories raouche,HOT BAR SECTION,TEA,288,42762.76,
Stories raouche,HOT BAR SECTION,BEANS,5.5,3063.06,
Stories raouche,COLD BAR SECTION,MIXED COLD BEVERAGES,2612,576978.98,
Stories raouche,COLD BAR SECTION,BLENDED BRINKS,1768,450753.76,
Stories raouche,COLD BAR SECTION,ICE TEA,204,23660.66,
Stories raouche,COLD BAR SECTION,ADD SYRUP,4005,104048.05,
Stories raouche,COLD BAR SECTION,REPLACE,2473,59555.56,
Stories raouche,GRAB&GO BEVERAGES,SOFT DRINKS,2562,141126.12,
Stories raouche,COFFEE PASTRY,COFFEE PASTRY,996,249072.07,
Stories raouche,CROISSANT,CROISSANT,429,90783.78,
Stories raouche,COOKIES,COOKIES,127,38588.59,
Stories raouche,FRENCH PASTRY,FRENCH PASTRY,280,86069.07,
Stories raouche,FROZEN YOGHURT,COMBO TOPPINGS,9003,0,
Stories raouche,FROZEN YOGHURT,TOPPINGS,369,25502.7,
Stories raouche,FROZEN YOGHURT,LUXURY TOPPINGS,404,42870.87,
Stories raouche,FROZEN YOGHURT,FROZEN YOGHURT,3122.275,838329.43,
Stories raouche,CINNAMON ROLLS,CINNAMONS,875,214150.15,244.7430286
Stories raouche,NOT USED,NOT USED,3,1261.26,
Stories raouche,POP UP BEVERAGE,POP UP BEVERAGE,16,0,
Stories raouche,OFFER,OFFER,16,6246.25,
Stories raouche,GRAB&GO FOOD,PACKAGED FOOD,182,23111.11,
Stories raouche,GRAB&GO FOOD,SALADS,115,52126.13,
Stories raouche,GRAB&GO FOOD,PACKAGED DESSERT,138,50288.29,
Stories kaslik,HOT BAR SECTION,BLACK COFFEE,1114,204879.88,
Stories kaslik,HOT BAR SECTION,MIXED HOT BEVERAGE,2226,498132.73,
Stories kaslik,HOT BAR SECTION,TEA,237,38294.29,
Stories kaslik,HOT BAR SECTION,BEANS,8,3963.96,
Stories kaslik,COLD BAR SECTION,MIXED COLD BEVERAGES,1865,408411.41,
Stories kaslik,COLD BAR SECTION,BLENDED BRINKS,702,165927.93,
Stories kaslik,COLD BAR SECTION,ICE TEA,59,7147.15,
Stories kaslik,COLD BAR SECTION,ADD SYRUP,1939,48603.61,
Stories kaslik,COLD BAR SECTION,REPLACE,1462,44051.05,
Stories kaslik,GRAB&GO BEVERAGES,SOFT DRINKS,2117,112606.6,
Stories kaslik,COFFEE PASTRY,COFFEE PASTRY,566,143438.44,
Stories kaslik,CROISSANT,CROISSANT,449,92615.62,
Stories kaslik,COOKIES,COOKIES,83,24984.98,
Stories kaslik,FRENCH PASTRY,FRENCH PASTRY,185,55942.94,
Stories kaslik,FROZEN YOGHURT,COMBO TOPPINGS,5611,0,
Stories kaslik,FROZEN YOGHURT,TOPPINGS,206,14204.2,
Stories kaslik,FROZEN YOGHURT,LUXURY TOPPINGS,318,32648.65,
Stories kaslik,FROZEN YOGHURT,FROZEN YOGHURT,1712.5,577378.98,
Stories kaslik,SANDWICHES,SUB SANDWICHES,687,167339.34,
Stories kaslik,CINNAMON ROLLS,CINNAMONS,327,84534.53,258.5153823
Stories kaslik,NOT USED,NOT USED,2,204.2,
Stories kaslik,SUBS,ADD ONS,51,5579.58,
Stories kaslik,POP UP BEVERAGE,POP UP BEVERAGE,0,0,
Stories kaslik,OFFER,OFFER,0,0,
Stories kaslik,GRAB&GO FOOD,PACKAGED FOOD,188,29531.53,
Stories kaslik,GRAB&GO FOOD,SALADS,50,22786.79,
Stories kaslik,GRAB&GO FOOD,FRUITS,21,6570.57,
Stories kaslik,GRAB&GO FOOD,PACKAGED DESSERT,83,30774.77,
